officer_name,designation,department,district,official_phone,official_email,source_url,source_type,verification_status,last_verified
,District Collector,Rural Development & Panchayat Raj Department,Ariyalur,0432922833,collrari@nic.in,https://tnrd.tn.gov.in/rdweb_newsite/project/reports/Public/contact_reports.php,Official Tamil Nadu Government department directory,SOURCE_PUBLISHED,2026-09-14
,Joint Director,Rural Development & Panchayat Raj Department,Ariyalur,7373704219,drdaari@nic.in,https://tnrd.tn.gov.in/rdweb_newsite/project/reports/Public/contact_reports.php,Official Tamil Nadu Government department directory,SOURCE_PUBLISHED,2026-09-14
,Assistant Director (Panchayats),Rural Development & Panchayat Raj Department,Ariyalur,7402607736,adpts.tnari@nic.in,https://tnrd.tn.gov.in/rdweb_newsite/project/reports/Public/contact_reports.php,Official Tamil Nadu Government department directory,SOURCE_PUBLISHED,2026-09-14
,Assistant Director (Audit),Rural Development & Panchayat Raj Department,Ariyalur,7402607536,adptsari@gmail.com,https://tnrd.tn.gov.in/rdweb_newsite/project/reports/Public/contact_reports.php,Official Tamil Nadu Government department directory,SOURCE_PUBLISHED,2026-09-14
,District Panchayat Secretary,Rural Development & Panchayat Raj Department,Ariyalur,9442413229,dpoalr@tn.nic.in,https://tnrd.tn.gov.in/rdweb_newsite/project/reports/Public/contact_reports.php,Official Tamil Nadu Government department directory,SOURCE_PUBLISHED,2026-09-14
,Personal Assistant to Collector,Rural Development & Panchayat Raj Department,Ariyalur,7402607734,papd.tnari@nic.in,https://tnrd.tn.gov.in/rdweb_newsite/project/reports/Public/contact_reports.php,Official Tamil Nadu Government department directory,SOURCE_PUBLISHED,2026-09-14
,District Collector,Rural Development & Panchayat Raj Department,Chengalpattu,9445456000,collr-cpt@gov.in,https://tnrd.tn.gov.in/rdweb_newsite/project/reports/Public/contact_reports.php,Official Tamil Nadu Government department directory,SOURCE_PUBLISHED,2026-09-14
,Joint Director,Rural Development & Panchayat Raj Department,Chengalpattu,7305089502,drdatncpt@gov.in,https://tnrd.tn.gov.in/rdweb_newsite/project/reports/Public/contact_reports.php,Official Tamil Nadu Government department directory,SOURCE_PUBLISHED,2026-09-14
,Assistant Director (Panchayats),Rural Development & Panchayat Raj Department,Chengalpattu,9384844531,adptmkm.tnpkm@nic.in,https://tnrd.tn.gov.in/rdweb_newsite/project/reports/Public/contact_reports.php,Official Tamil Nadu Government department directory,SOURCE_PUBLISHED,2026-09-14
,Assistant Director (Audit),Rural Development & Panchayat Raj Department,Chengalpattu,7402606096,Adauditmdm@gmail.com,https://tnrd.tn.gov.in/rdweb_newsite/project/reports/Public/contact_reports.php,Official Tamil Nadu Government department directory,SOURCE_PUBLISHED,2026-09-14
,District Panchayat Secretary,Rural Development & Panchayat Raj Department,Chengalpattu,7812808475,dpcchengalpet@gmail.com,https://tnrd.tn.gov.in/rdweb_newsite/project/reports/Public/contact_reports.php,Official Tamil Nadu Government department directory,SOURCE_PUBLISHED,2026-09-14
,Personal Assistant to Collector,Rural Development & Panchayat Raj Department,Chengalpattu,8925504965,papdchengalpat@gmail.com,https://tnrd.tn.gov.in/rdweb_newsite/project/reports/Public/contact_reports.php,Official Tamil Nadu Government department directory,SOURCE_PUBLISHED,2026-09-14
,District Collector,Rural Development & Panchayat Raj Department,Coimbatore,9444168000,collrcbe@nic.in,https://tnrd.tn.gov.in/rdweb_newsite/project/reports/Public/contact_reports.php,Official Tamil Nadu Government department directory,SOURCE_PUBLISHED,2026-09-14
,Joint Director,Rural Development & Panchayat Raj Department,Coimbatore,7373704213,drdacbe@nic.in,https://tnrd.tn.gov.in/rdweb_newsite/project/reports/Public/contact_reports.php,Official Tamil Nadu Government department directory,SOURCE_PUBLISHED,2026-09-14
,Assistant Director (Panchayats),Rural Development & Panchayat Raj Department,Coimbatore,7402607248,adp-tncbe@nic.in,https://tnrd.tn.gov.in/rdweb_newsite/project/reports/Public/contact_reports.php,Official Tamil Nadu Government department directory,SOURCE_PUBLISHED,2026-09-14
,Assistant Director (Audit),Rural Development & Panchayat Raj Department,Coimbatore,7402607249,adauditcbe2014@gmail.com,https://tnrd.tn.gov.in/rdweb_newsite/project/reports/Public/contact_reports.php,Official Tamil Nadu Government department directory,SOURCE_PUBLISHED,2026-09-14
,District Panchayat Secretary,Rural Development & Panchayat Raj Department,Coimbatore,7402607250,dpocbe@gmail.com,https://tnrd.tn.gov.in/rdweb_newsite/project/reports/Public/contact_reports.php,Official Tamil Nadu Government department directory,SOURCE_PUBLISHED,2026-09-14
,Personal Assistant to Collector,Rural Development & Panchayat Raj Department,Coimbatore,7402607246,papd.tncbe@nic.in,https://tnrd.tn.gov.in/rdweb_newsite/project/reports/Public/contact_reports.php,Official Tamil Nadu Government department directory,SOURCE_PUBLISHED,2026-09-14
,District Collector,Rural Development & Panchayat Raj Department,Cuddalore,9444139000,collrcud@nic.in,https://tnrd.tn.gov.in/rdweb_newsite/project/reports/Public/contact_reports.php,Official Tamil Nadu Government department directory,SOURCE_PUBLISHED,2026-09-14
,Joint Director,Rural Development & Panchayat Raj Department,Cuddalore,7373704203,drdacud@nic.in,https://tnrd.tn.gov.in/rdweb_newsite/project/reports/Public/contact_reports.php,Official Tamil Nadu Government department directory,SOURCE_PUBLISHED,2026-09-14
,Assistant Director (Panchayats),Rural Development & Panchayat Raj Department,Cuddalore,7402606219,adptstncud@gov.in,https://tnrd.tn.gov.in/rdweb_newsite/project/reports/Public/contact_reports.php,Official Tamil Nadu Government department directory,SOURCE_PUBLISHED,2026-09-14
,Assistant Director (Audit),Rural Development & Panchayat Raj Department,Cuddalore,7402606220,adauditcud@gmail.com,https://tnrd.tn.gov.in/rdweb_newsite/project/reports/Public/contact_reports.php,Official Tamil Nadu Government department directory,SOURCE_PUBLISHED,2026-09-14
,District Panchayat Secretary,Rural Development & Panchayat Raj Department,Cuddalore,7402606221,cuddpo@gmail.com,https://tnrd.tn.gov.in/rdweb_newsite/project/reports/Public/contact_reports.php,Official Tamil Nadu Government department directory,SOURCE_PUBLISHED,2026-09-14
,Personal Assistant to Collector,Rural Development & Panchayat Raj Department,Cuddalore,7402606217,papd.tncud@nic.in,https://tnrd.tn.gov.in/rdweb_newsite/project/reports/Public/contact_reports.php,Official Tamil Nadu Government department directory,SOURCE_PUBLISHED,2026-09-14
,District Collector,Rural Development & Panchayat Raj Department,Dharmapuri,9444161000,collrdpi@nic.in,https://tnrd.tn.gov.in/rdweb_newsite/project/reports/Public/contact_reports.php,Official Tamil Nadu Government department directory,SOURCE_PUBLISHED,2026-09-14
,Joint Director,Rural Development & Panchayat Raj Department,Dharmapuri,7373704209,drdadpi@nic.in,https://tnrd.tn.gov.in/rdweb_newsite/project/reports/Public/contact_reports.php,Official Tamil Nadu Government department directory,SOURCE_PUBLISHED,2026-09-14
,Assistant Director (Panchayats),Rural Development & Panchayat Raj Department,Dharmapuri,7402606941,adpanchayat.tndpi@nic.in,https://tnrd.tn.gov.in/rdweb_newsite/project/reports/Public/contact_reports.php,Official Tamil Nadu Government department directory,SOURCE_PUBLISHED,2026-09-14
,Assistant Director (Audit),Rural Development & Panchayat Raj Department,Dharmapuri,7402606942,adauditdharma@gmail.com,https://tnrd.tn.gov.in/rdweb_newsite/project/reports/Public/contact_reports.php,Official Tamil Nadu Government department directory,SOURCE_PUBLISHED,2026-09-14
,District Panchayat Secretary,Rural Development & Panchayat Raj Department,Dharmapuri,7402606943,dpidistrictpanchayat@gmail.com,https://tnrd.tn.gov.in/rdweb_newsite/project/reports/Public/contact_reports.php,Official Tamil Nadu Government department directory,SOURCE_PUBLISHED,2026-09-14
,Personal Assistant to Collector,Rural Development & Panchayat Raj Department,Dharmapuri,7402606939,papddharmapuri@yahoo.co.in,https://tnrd.tn.gov.in/rdweb_newsite/project/reports/Public/contact_reports.php,Official Tamil Nadu Government department directory,SOURCE_PUBLISHED,2026-09-14
,District Collector,Rural Development & Panchayat Raj Department,Dindigul,9444169000,collrdgl@nic.in,https://tnrd.tn.gov.in/rdweb_newsite/project/reports/Public/contact_reports.php,Official Tamil Nadu Government department directory,SOURCE_PUBLISHED,2026-09-14
,Joint Director,Rural Development & Panchayat Raj Department,Dindigul,7373704224,drda.tndgl@nic.in,https://tnrd.tn.gov.in/rdweb_newsite/project/reports/Public/contact_reports.php,Official Tamil Nadu Government department directory,SOURCE_PUBLISHED,2026-09-14
,Assistant Director (Panchayats),Rural Development & Panchayat Raj Department,Dindigul,7402608079,adptdgl@nic.in,https://tnrd.tn.gov.in/rdweb_newsite/project/reports/Public/contact_reports.php,Official Tamil Nadu Government department directory,SOURCE_PUBLISHED,2026-09-14
,Assistant Director (Audit),Rural Development & Panchayat Raj Department,Dindigul,7402608681,adauditdgl@gmail.com,https://tnrd.tn.gov.in/rdweb_newsite/project/reports/Public/contact_reports.php,Official Tamil Nadu Government department directory,SOURCE_PUBLISHED,2026-09-14
,District Panchayat Secretary,Rural Development & Panchayat Raj Department,Dindigul,7402608080,dpodgl2013@gmail.com,https://tnrd.tn.gov.in/rdweb_newsite/project/reports/Public/contact_reports.php,Official Tamil Nadu Government department directory,SOURCE_PUBLISHED,2026-09-14
,Personal Assistant to Collector,Rural Development & Panchayat Raj Department,Dindigul,7402608078,develop.tndgl@nic.in,https://tnrd.tn.gov.in/rdweb_newsite/project/reports/Public/contact_reports.php,Official Tamil Nadu Government department directory,SOURCE_PUBLISHED,2026-09-14
,District Collector,Rural Development & Panchayat Raj Department,Erode,9444167000,collrerd@nic.in,https://tnrd.tn.gov.in/rdweb_newsite/project/reports/Public/contact_reports.php,Official Tamil Nadu Government department directory,SOURCE_PUBLISHED,2026-09-14
,Joint Director,Rural Development & Panchayat Raj Department,Erode,7373704211,drdaerd@nic.in,https://tnrd.tn.gov.in/rdweb_newsite/project/reports/Public/contact_reports.php,Official Tamil Nadu Government department directory,SOURCE_PUBLISHED,2026-09-14
,Assistant Director (Panchayats),Rural Development & Panchayat Raj Department,Erode,7402607082,adperd@nic.in,https://tnrd.tn.gov.in/rdweb_newsite/project/reports/Public/contact_reports.php,Official Tamil Nadu Government department directory,SOURCE_PUBLISHED,2026-09-14
,Assistant Director (Audit),Rural Development & Panchayat Raj Department,Erode,7402607083,erdadaudit@gmail.com,https://tnrd.tn.gov.in/rdweb_newsite/project/reports/Public/contact_reports.php,Official Tamil Nadu Government department directory,SOURCE_PUBLISHED,2026-09-14
,District Panchayat Secretary,Rural Development & Panchayat Raj Department,Erode,7402607084,disp.erode@gmail.com,https://tnrd.tn.gov.in/rdweb_newsite/project/reports/Public/contact_reports.php,Official Tamil Nadu Government department directory,SOURCE_PUBLISHED,2026-09-14
,Personal Assistant to Collector,Rural Development & Panchayat Raj Department,Erode,7402607079,papd.tnerd@nic.in,https://tnrd.tn.gov.in/rdweb_newsite/project/reports/Public/contact_reports.php,Official Tamil Nadu Government department directory,SOURCE_PUBLISHED,2026-09-14
,District Collector,Rural Development & Panchayat Raj Department,Kallakurichi,944174000,collr-kki@gov.in,https://tnrd.tn.gov.in/rdweb_newsite/project/reports/Public/contact_reports.php,Official Tamil Nadu Government department directory,SOURCE_PUBLISHED,2026-09-14
,Joint Director,Rural Development & Panchayat Raj Department,Kallakurichi,7305073778,drdakki@tn.gov.in,https://tnrd.tn.gov.in/rdweb_newsite/project/reports/Public/contact_reports.php,Official Tamil Nadu Government department directory,SOURCE_PUBLISHED,2026-09-14
,Assistant Director (Panchayats),Rural Development & Panchayat Raj Department,Kallakurichi,,drdakal@nic.in,https://tnrd.tn.gov.in/rdweb_newsite/project/reports/Public/contact_reports.php,Official Tamil Nadu Government department directory,SOURCE_VALUE_REVIEW_REQUIRED,2026-09-14
,Assistant Director (Audit),Rural Development & Panchayat Raj Department,Kallakurichi,7402606461,adauditkki.tnrd@gmail.com,https://tnrd.tn.gov.in/rdweb_newsite/project/reports/Public/contact_reports.php,Official Tamil Nadu Government department directory,SOURCE_PUBLISHED,2026-09-14
,District Panchayat Secretary,Rural Development & Panchayat Raj Department,Kallakurichi,9443440444,dpokki21@gmail.com,https://tnrd.tn.gov.in/rdweb_newsite/project/reports/Public/contact_reports.php,Official Tamil Nadu Government department directory,SOURCE_PUBLISHED,2026-09-14
,Personal Assistant to Collector,Rural Development & Panchayat Raj Department,Kallakurichi,8925515341,papdkki@gmail.com,https://tnrd.tn.gov.in/rdweb_newsite/project/reports/Public/contact_reports.php,Official Tamil Nadu Government department directory,SOURCE_PUBLISHED,2026-09-14
,District Collector,Rural Development & Panchayat Raj Department,Kancheepuram,9444134000,collrkpm@nic.in,https://tnrd.tn.gov.in/rdweb_newsite/project/reports/Public/contact_reports.php,Official Tamil Nadu Government department directory,SOURCE_PUBLISHED,2026-09-14
,Joint Director,Rural Development & Panchayat Raj Department,Kancheepuram,7373704201,drdakpm@nic.in,https://tnrd.tn.gov.in/rdweb_newsite/project/reports/Public/contact_reports.php,Official Tamil Nadu Government department directory,SOURCE_PUBLISHED,2026-09-14
,Assistant Director (Panchayats),Rural Development & Panchayat Raj Department,Kancheepuram,7402606005,adpkkm@nic.in,https://tnrd.tn.gov.in/rdweb_newsite/project/reports/Public/contact_reports.php,Official Tamil Nadu Government department directory,SOURCE_PUBLISHED,2026-09-14
,Assistant Director (Audit),Rural Development & Panchayat Raj Department,Kancheepuram,7402606006,adauditkpm@gmail.com,https://tnrd.tn.gov.in/rdweb_newsite/project/reports/Public/contact_reports.php,Official Tamil Nadu Government department directory,SOURCE_PUBLISHED,2026-09-14
,District Panchayat Secretary,Rural Development & Panchayat Raj Department,Kancheepuram,7402606007,dpckpm@gmail.com,https://tnrd.tn.gov.in/rdweb_newsite/project/reports/Public/contact_reports.php,Official Tamil Nadu Government department directory,SOURCE_PUBLISHED,2026-09-14
,Personal Assistant to Collector,Rural Development & Panchayat Raj Department,Kancheepuram,7402606003,papd.tnkpm@nic.in,https://tnrd.tn.gov.in/rdweb_newsite/project/reports/Public/contact_reports.php,Official Tamil Nadu Government department directory,SOURCE_PUBLISHED,2026-09-14
,District Collector,Rural Development & Panchayat Raj Department,Kanniyakumari,9444188000,collrkkm@nic.in,https://tnrd.tn.gov.in/rdweb_newsite/project/reports/Public/contact_reports.php,Official Tamil Nadu Government department directory,SOURCE_PUBLISHED,2026-09-14
,Joint Director,Rural Development & Panchayat Raj Department,Kanniyakumari,7373704230,drdakkm@nic.in,https://tnrd.tn.gov.in/rdweb_newsite/project/reports/Public/contact_reports.php,Official Tamil Nadu Government department directory,SOURCE_PUBLISHED,2026-09-14
,Assistant Director (Panchayats),Rural Development & Panchayat Raj Department,Kanniyakumari,7402608627,adpkkm@nic.in,https://tnrd.tn.gov.in/rdweb_newsite/project/reports/Public/contact_reports.php,Official Tamil Nadu Government department directory,SOURCE_PUBLISHED,2026-09-14
,Assistant Director (Audit),Rural Development & Panchayat Raj Department,Kanniyakumari,7402608678,adauditkkm@gmail.com,https://tnrd.tn.gov.in/rdweb_newsite/project/reports/Public/contact_reports.php,Official Tamil Nadu Government department directory,SOURCE_PUBLISHED,2026-09-14
,District Panchayat Secretary,Rural Development & Panchayat Raj Department,Kanniyakumari,7402608629,dpokkm2013@gmail.com,https://tnrd.tn.gov.in/rdweb_newsite/project/reports/Public/contact_reports.php,Official Tamil Nadu Government department directory,SOURCE_PUBLISHED,2026-09-14
,Personal Assistant to Collector,Rural Development & Panchayat Raj Department,Kanniyakumari,7402608624,papd.tnkkm@nic.in,https://tnrd.tn.gov.in/rdweb_newsite/project/reports/Public/contact_reports.php,Official Tamil Nadu Government department directory,SOURCE_PUBLISHED,2026-09-14
,District Collector,Rural Development & Panchayat Raj Department,Karur,9444173000,collrkar@nic.in,https://tnrd.tn.gov.in/rdweb_newsite/project/reports/Public/contact_reports.php,Official Tamil Nadu Government department directory,SOURCE_PUBLISHED,2026-09-14
,Joint Director,Rural Development & Panchayat Raj Department,Karur,7373704218,drdakar@nic.in,https://tnrd.tn.gov.in/rdweb_newsite/project/reports/Public/contact_reports.php,Official Tamil Nadu Government department directory,SOURCE_PUBLISHED,2026-09-14
,Assistant Director (Panchayats),Rural Development & Panchayat Raj Department,Karur,7402607685,adp.tnkar@nic.in,https://tnrd.tn.gov.in/rdweb_newsite/project/reports/Public/contact_reports.php,Official Tamil Nadu Government department directory,SOURCE_PUBLISHED,2026-09-14
,Assistant Director (Audit),Rural Development & Panchayat Raj Department,Karur,7402607686,karuradaudit@gmail.com,https://tnrd.tn.gov.in/rdweb_newsite/project/reports/Public/contact_reports.php,Official Tamil Nadu Government department directory,SOURCE_PUBLISHED,2026-09-14
,District Panchayat Secretary,Rural Development & Panchayat Raj Department,Karur,7402607687,dpokarur@gmail.com,https://tnrd.tn.gov.in/rdweb_newsite/project/reports/Public/contact_reports.php,Official Tamil Nadu Government department directory,SOURCE_PUBLISHED,2026-09-14
,Personal Assistant to Collector,Rural Development & Panchayat Raj Department,Karur,7402607683,papd.tnkar@nic.in,https://tnrd.tn.gov.in/rdweb_newsite/project/reports/Public/contact_reports.php,Official Tamil Nadu Government department directory,SOURCE_PUBLISHED,2026-09-14
,District Collector,Rural Development & Panchayat Raj Department,Krishnagiri,9444162000,collrkgi@nic.in,https://tnrd.tn.gov.in/rdweb_newsite/project/reports/Public/contact_reports.php,Official Tamil Nadu Government department directory,SOURCE_PUBLISHED,2026-09-14
,Joint Director,Rural Development & Panchayat Raj Department,Krishnagiri,7402607002,drda.tnkgi@nic.in,https://tnrd.tn.gov.in/rdweb_newsite/project/reports/Public/contact_reports.php,Official Tamil Nadu Government department directory,SOURCE_PUBLISHED,2026-09-14
,Assistant Director (Panchayats),Rural Development & Panchayat Raj Department,Krishnagiri,7402607002,adp.tnkgi@nic.in,https://tnrd.tn.gov.in/rdweb_newsite/project/reports/Public/contact_reports.php,Official Tamil Nadu Government department directory,SOURCE_PUBLISHED,2026-09-14
,Assistant Director (Audit),Rural Development & Panchayat Raj Department,Krishnagiri,7402607063,adaudit.kgi@gmail.com,https://tnrd.tn.gov.in/rdweb_newsite/project/reports/Public/contact_reports.php,Official Tamil Nadu Government department directory,SOURCE_PUBLISHED,2026-09-14
,District Panchayat Secretary,Rural Development & Panchayat Raj Department,Krishnagiri,7402606998,dpc.tnkgi@gmail.com,https://tnrd.tn.gov.in/rdweb_newsite/project/reports/Public/contact_reports.php,Official Tamil Nadu Government department directory,SOURCE_PUBLISHED,2026-09-14
,Personal Assistant to Collector,Rural Development & Panchayat Raj Department,Krishnagiri,7402606997,papd.tnkgi@nic.in,https://tnrd.tn.gov.in/rdweb_newsite/project/reports/Public/contact_reports.php,Official Tamil Nadu Government department directory,SOURCE_PUBLISHED,2026-09-14
,District Collector,Rural Development & Panchayat Raj Department,Madurai,9444171000,collrmdu@nic.in,https://tnrd.tn.gov.in/rdweb_newsite/project/reports/Public/contact_reports.php,Official Tamil Nadu Government department directory,SOURCE_PUBLISHED,2026-09-14
,Joint Director,Rural Development & Panchayat Raj Department,Madurai,7373704222,drdamdu@nic.in,https://tnrd.tn.gov.in/rdweb_newsite/project/reports/Public/contact_reports.php,Official Tamil Nadu Government department directory,SOURCE_PUBLISHED,2026-09-14
,Assistant Director (Panchayats),Rural Development & Panchayat Raj Department,Madurai,7402607923,adpmdu@nic.in,https://tnrd.tn.gov.in/rdweb_newsite/project/reports/Public/contact_reports.php,Official Tamil Nadu Government department directory,SOURCE_PUBLISHED,2026-09-14
,Assistant Director (Audit),Rural Development & Panchayat Raj Department,Madurai,7402607924,auditmdu@gmail.com,https://tnrd.tn.gov.in/rdweb_newsite/project/reports/Public/contact_reports.php,Official Tamil Nadu Government department directory,SOURCE_PUBLISHED,2026-09-14
,District Panchayat Secretary,Rural Development & Panchayat Raj Department,Madurai,7402607925,mdudpo@gmail.com,https://tnrd.tn.gov.in/rdweb_newsite/project/reports/Public/contact_reports.php,Official Tamil Nadu Government department directory,SOURCE_PUBLISHED,2026-09-14
,Personal Assistant to Collector,Rural Development & Panchayat Raj Department,Madurai,7402607921,papd.tnmdu@nic.in,https://tnrd.tn.gov.in/rdweb_newsite/project/reports/Public/contact_reports.php,Official Tamil Nadu Government department directory,SOURCE_PUBLISHED,2026-09-14
,District Collector,Rural Development & Panchayat Raj Department,Mayiladuthurai,9443300955,collr-myd@gov.in,https://tnrd.tn.gov.in/rdweb_newsite/project/reports/Public/contact_reports.php,Official Tamil Nadu Government department directory,SOURCE_PUBLISHED,2026-09-14
,Joint Director,Rural Development & Panchayat Raj Department,Mayiladuthurai,7418249991,drdamyld@gmail.com,https://tnrd.tn.gov.in/rdweb_newsite/project/reports/Public/contact_reports.php,Official Tamil Nadu Government department directory,SOURCE_PUBLISHED,2026-09-14
,Assistant Director (Panchayats),Rural Development & Panchayat Raj Department,Mayiladuthurai,8925580860,adptsmyd@gmail.com,https://tnrd.tn.gov.in/rdweb_newsite/project/reports/Public/contact_reports.php,Official Tamil Nadu Government department directory,SOURCE_PUBLISHED,2026-09-14
,Assistant Director (Audit),Rural Development & Panchayat Raj Department,Mayiladuthurai,8925582068,adauditmyd@gmail.com,https://tnrd.tn.gov.in/rdweb_newsite/project/reports/Public/contact_reports.php,Official Tamil Nadu Government department directory,SOURCE_PUBLISHED,2026-09-14
,District Panchayat Secretary,Rural Development & Panchayat Raj Department,Mayiladuthurai,7402607433,dpongp@gmail.com,https://tnrd.tn.gov.in/rdweb_newsite/project/reports/Public/contact_reports.php,Official Tamil Nadu Government department directory,SOURCE_PUBLISHED,2026-09-14
,Personal Assistant to Collector,Rural Development & Panchayat Raj Department,Mayiladuthurai,8925579658,papd.tnrd.myd@gmail.com,https://tnrd.tn.gov.in/rdweb_newsite/project/reports/Public/contact_reports.php,Official Tamil Nadu Government department directory,SOURCE_PUBLISHED,2026-09-14
,District Collector,Rural Development & Panchayat Raj Department,Nagapattinam,9444176000,collrngp@nic.in,https://tnrd.tn.gov.in/rdweb_newsite/project/reports/Public/contact_reports.php,Official Tamil Nadu Government department directory,SOURCE_PUBLISHED,2026-09-14
,Joint Director,Rural Development & Panchayat Raj Department,Nagapattinam,7373704215,drdangp@nic.in,https://tnrd.tn.gov.in/rdweb_newsite/project/reports/Public/contact_reports.php,Official Tamil Nadu Government department directory,SOURCE_PUBLISHED,2026-09-14
,Assistant Director (Panchayats),Rural Development & Panchayat Raj Department,Nagapattinam,7402607431,adpts.tnngp@nic.in,https://tnrd.tn.gov.in/rdweb_newsite/project/reports/Public/contact_reports.php,Official Tamil Nadu Government department directory,SOURCE_PUBLISHED,2026-09-14
,Assistant Director (Audit),Rural Development & Panchayat Raj Department,Nagapattinam,7402607432,adauditngt@gmail.com,https://tnrd.tn.gov.in/rdweb_newsite/project/reports/Public/contact_reports.php,Official Tamil Nadu Government department directory,SOURCE_PUBLISHED,2026-09-14
,District Panchayat Secretary,Rural Development & Panchayat Raj Department,Nagapattinam,7402607433,dpongp@gmail.com,https://tnrd.tn.gov.in/rdweb_newsite/project/reports/Public/contact_reports.php,Official Tamil Nadu Government department directory,SOURCE_PUBLISHED,2026-09-14
,Personal Assistant to Collector,Rural Development & Panchayat Raj Department,Nagapattinam,7402607429,papd.tnngp@nic.in,https://tnrd.tn.gov.in/rdweb_newsite/project/reports/Public/contact_reports.php,Official Tamil Nadu Government department directory,SOURCE_PUBLISHED,2026-09-14
,District Collector,Rural Development & Panchayat Raj Department,Namakkal,9444163000,collrngp@nic.in,https://tnrd.tn.gov.in/rdweb_newsite/project/reports/Public/contact_reports.php,Official Tamil Nadu Government department directory,SOURCE_PUBLISHED,2026-09-14
,Joint Director,Rural Development & Panchayat Raj Department,Namakkal,7373704208,drdanmk@nic.in,https://tnrd.tn.gov.in/rdweb_newsite/project/reports/Public/contact_reports.php,Official Tamil Nadu Government department directory,SOURCE_PUBLISHED,2026-09-14
,Assistant Director (Panchayats),Rural Development & Panchayat Raj Department,Namakkal,7402606854,adpt.tnnmk@nic.in,https://tnrd.tn.gov.in/rdweb_newsite/project/reports/Public/contact_reports.php,Official Tamil Nadu Government department directory,SOURCE_PUBLISHED,2026-09-14
,Assistant Director (Audit),Rural Development & Panchayat Raj Department,Namakkal,7402606855,adaudit.tnnmk@gmail.com,https://tnrd.tn.gov.in/rdweb_newsite/project/reports/Public/contact_reports.php,Official Tamil Nadu Government department directory,SOURCE_PUBLISHED,2026-09-14
,District Panchayat Secretary,Rural Development & Panchayat Raj Department,Namakkal,7402606856,dponkl@gmail.com,https://tnrd.tn.gov.in/rdweb_newsite/project/reports/Public/contact_reports.php,Official Tamil Nadu Government department directory,SOURCE_PUBLISHED,2026-09-14
,Personal Assistant to Collector,Rural Development & Panchayat Raj Department,Namakkal,7402606852,papd.tnnmk@nic.in,https://tnrd.tn.gov.in/rdweb_newsite/project/reports/Public/contact_reports.php,Official Tamil Nadu Government department directory,SOURCE_PUBLISHED,2026-09-14
,District Collector,Rural Development & Panchayat Raj Department,Perambalur,9444175000,collrpmb@nic.in,https://tnrd.tn.gov.in/rdweb_newsite/project/reports/Public/contact_reports.php,Official Tamil Nadu Government department directory,SOURCE_PUBLISHED,2026-09-14
,Joint Director,Rural Development & Panchayat Raj Department,Perambalur,7373704220,drdapmb@nic.in,https://tnrd.tn.gov.in/rdweb_newsite/project/reports/Public/contact_reports.php,Official Tamil Nadu Government department directory,SOURCE_PUBLISHED,2026-09-14
,Assistant Director (Panchayats),Rural Development & Panchayat Raj Department,Perambalur,7402607785,adpds.tnpmb@nic.in,https://tnrd.tn.gov.in/rdweb_newsite/project/reports/Public/contact_reports.php,Official Tamil Nadu Government department directory,SOURCE_PUBLISHED,2026-09-14
,Assistant Director (Audit),Rural Development & Panchayat Raj Department,Perambalur,7402607786,adaudit.tnpmb@gmail.com,https://tnrd.tn.gov.in/rdweb_newsite/project/reports/Public/contact_reports.php,Official Tamil Nadu Government department directory,SOURCE_PUBLISHED,2026-09-14
,District Panchayat Secretary,Rural Development & Panchayat Raj Department,Perambalur,7402607783,dpoprm2013@gmail.com,https://tnrd.tn.gov.in/rdweb_newsite/project/reports/Public/contact_reports.php,Official Tamil Nadu Government department directory,SOURCE_PUBLISHED,2026-09-14
,Personal Assistant to Collector,Rural Development & Panchayat Raj Department,Perambalur,7402607783,papd.tnpmb@nic.in,https://tnrd.tn.gov.in/rdweb_newsite/project/reports/Public/contact_reports.php,Official Tamil Nadu Government department directory,SOURCE_PUBLISHED,2026-09-14
,District Collector,Rural Development & Panchayat Raj Department,Pudukkottai,9445754000,collrpdk@nic.in,https://tnrd.tn.gov.in/rdweb_newsite/project/reports/Public/contact_reports.php,Official Tamil Nadu Government department directory,SOURCE_PUBLISHED,2026-09-14
,Joint Director,Rural Development & Panchayat Raj Department,Pudukkottai,7373704221,drdapdk@nic.in,https://tnrd.tn.gov.in/rdweb_newsite/project/reports/Public/contact_reports.php,Official Tamil Nadu Government department directory,SOURCE_PUBLISHED,2026-09-14
,Assistant Director (Panchayats),Rural Development & Panchayat Raj Department,Pudukkottai,7402607859,adppdk@nic.in,https://tnrd.tn.gov.in/rdweb_newsite/project/reports/Public/contact_reports.php,Official Tamil Nadu Government department directory,SOURCE_PUBLISHED,2026-09-14
,Assistant Director (Audit),Rural Development & Panchayat Raj Department,Pudukkottai,7402607860,adaudit.pudukkottai@gmail.com,https://tnrd.tn.gov.in/rdweb_newsite/project/reports/Public/contact_reports.php,Official Tamil Nadu Government department directory,SOURCE_PUBLISHED,2026-09-14
,District Panchayat Secretary,Rural Development & Panchayat Raj Department,Pudukkottai,7402607820,dpopdk2013@gmail.com,https://tnrd.tn.gov.in/rdweb_newsite/project/reports/Public/contact_reports.php,Official Tamil Nadu Government department directory,SOURCE_PUBLISHED,2026-09-14
,Personal Assistant to Collector,Rural Development & Panchayat Raj Department,Pudukkottai,7402607871,papd.tnpdk@nic.in,https://tnrd.tn.gov.in/rdweb_newsite/project/reports/Public/contact_reports.php,Official Tamil Nadu Government department directory,SOURCE_PUBLISHED,2026-09-14
,District Collector,Rural Development & Panchayat Raj Department,Ramanathapuram,9444183000,collrrmd@nic.in,https://tnrd.tn.gov.in/rdweb_newsite/project/reports/Public/contact_reports.php,Official Tamil Nadu Government department directory,SOURCE_PUBLISHED,2026-09-14
,Joint Director,Rural Development & Panchayat Raj Department,Ramanathapuram,7373704225,drdarmd@nic.in,https://tnrd.tn.gov.in/rdweb_newsite/project/reports/Public/contact_reports.php,Official Tamil Nadu Government department directory,SOURCE_PUBLISHED,2026-09-14
,Assistant Director (Panchayats),Rural Development & Panchayat Raj Department,Ramanathapuram,7402608158,adprmd@nic.in,https://tnrd.tn.gov.in/rdweb_newsite/project/reports/Public/contact_reports.php,Official Tamil Nadu Government department directory,SOURCE_PUBLISHED,2026-09-14
,Assistant Director (Audit),Rural Development & Panchayat Raj Department,Ramanathapuram,7402608159,adauditrmd@gmail.com,https://tnrd.tn.gov.in/rdweb_newsite/project/reports/Public/contact_reports.php,Official Tamil Nadu Government department directory,SOURCE_PUBLISHED,2026-09-14
,District Panchayat Secretary,Rural Development & Panchayat Raj Department,Ramanathapuram,7402608160,dporm2013@gmail.com,https://tnrd.tn.gov.in/rdweb_newsite/project/reports/Public/contact_reports.php,Official Tamil Nadu Government department directory,SOURCE_PUBLISHED,2026-09-14
,Personal Assistant to Collector,Rural Development & Panchayat Raj Department,Ramanathapuram,7402608156,papdrmd@gmail.com,https://tnrd.tn.gov.in/rdweb_newsite/project/reports/Public/contact_reports.php,Official Tamil Nadu Government department directory,SOURCE_PUBLISHED,2026-09-14
,District Collector,Rural Development & Panchayat Raj Department,Ranipet,0417227221,collr-rpt@gov.in,https://tnrd.tn.gov.in/rdweb_newsite/project/reports/Public/contact_reports.php,Official Tamil Nadu Government department directory,SOURCE_PUBLISHED,2026-09-14
,Joint Director,Rural Development & Panchayat Raj Department,Ranipet,9442229872,drda.rpt@tn.gov.in,https://tnrd.tn.gov.in/rdweb_newsite/project/reports/Public/contact_reports.php,Official Tamil Nadu Government department directory,SOURCE_PUBLISHED,2026-09-14
,Assistant Director (Panchayats),Rural Development & Panchayat Raj Department,Ranipet,8925504949,adpranipet@gmail.com,https://tnrd.tn.gov.in/rdweb_newsite/project/reports/Public/contact_reports.php,Official Tamil Nadu Government department directory,SOURCE_PUBLISHED,2026-09-14
,Assistant Director (Audit),Rural Development & Panchayat Raj Department,Ranipet,8925535402,adauditrpt@gmail.com,https://tnrd.tn.gov.in/rdweb_newsite/project/reports/Public/contact_reports.php,Official Tamil Nadu Government department directory,SOURCE_PUBLISHED,2026-09-14
,District Panchayat Secretary,Rural Development & Panchayat Raj Department,Ranipet,9444484153,dtptrpt@gmail.com,https://tnrd.tn.gov.in/rdweb_newsite/project/reports/Public/contact_reports.php,Official Tamil Nadu Government department directory,SOURCE_PUBLISHED,2026-09-14
,Personal Assistant to Collector,Rural Development & Panchayat Raj Department,Ranipet,8925515346,papdranipet@gmail.com,https://tnrd.tn.gov.in/rdweb_newsite/project/reports/Public/contact_reports.php,Official Tamil Nadu Government department directory,SOURCE_PUBLISHED,2026-09-14
,District Collector,Rural Development & Panchayat Raj Department,Salem,9444164000,collrslm@nic.in,https://tnrd.tn.gov.in/rdweb_newsite/project/reports/Public/contact_reports.php,Official Tamil Nadu Government department directory,SOURCE_PUBLISHED,2026-09-14
,Joint Director,Rural Development & Panchayat Raj Department,Salem,7373704207,drdaslm@nic.in,https://tnrd.tn.gov.in/rdweb_newsite/project/reports/Public/contact_reports.php,Official Tamil Nadu Government department directory,SOURCE_PUBLISHED,2026-09-14
,Assistant Director (Panchayats),Rural Development & Panchayat Raj Department,Salem,7402606746,adpslm@nic.in,https://tnrd.tn.gov.in/rdweb_newsite/project/reports/Public/contact_reports.php,Official Tamil Nadu Government department directory,SOURCE_PUBLISHED,2026-09-14
,Assistant Director (Audit),Rural Development & Panchayat Raj Department,Salem,7402606747,adauditslm@gmail.com,https://tnrd.tn.gov.in/rdweb_newsite/project/reports/Public/contact_reports.php,Official Tamil Nadu Government department directory,SOURCE_PUBLISHED,2026-09-14
,District Panchayat Secretary,Rural Development & Panchayat Raj Department,Salem,7402606748,districtpanchayatslm@gmail.com,https://tnrd.tn.gov.in/rdweb_newsite/project/reports/Public/contact_reports.php,Official Tamil Nadu Government department directory,SOURCE_PUBLISHED,2026-09-14
,Personal Assistant to Collector,Rural Development & Panchayat Raj Department,Salem,7402606744,papd.tnslm@nic.in,https://tnrd.tn.gov.in/rdweb_newsite/project/reports/Public/contact_reports.php,Official Tamil Nadu Government department directory,SOURCE_PUBLISHED,2026-09-14
,District Collector,Rural Development & Panchayat Raj Department,Sivagangai,9444182000,collrsvg@nic.in,https://tnrd.tn.gov.in/rdweb_newsite/project/reports/Public/contact_reports.php,Official Tamil Nadu Government department directory,SOURCE_PUBLISHED,2026-09-14
,Joint Director,Rural Development & Panchayat Raj Department,Sivagangai,7373704227,drdasvg@nic.in,https://tnrd.tn.gov.in/rdweb_newsite/project/reports/Public/contact_reports.php,Official Tamil Nadu Government department directory,SOURCE_PUBLISHED,2026-09-14
,Assistant Director (Panchayats),Rural Development & Panchayat Raj Department,Sivagangai,7402608351,adpsvg@nic.in,https://tnrd.tn.gov.in/rdweb_newsite/project/reports/Public/contact_reports.php,Official Tamil Nadu Government department directory,SOURCE_PUBLISHED,2026-09-14
,Assistant Director (Audit),Rural Development & Panchayat Raj Department,Sivagangai,7402608352,adauditsvg@gmail.com,https://tnrd.tn.gov.in/rdweb_newsite/project/reports/Public/contact_reports.php,Official Tamil Nadu Government department directory,SOURCE_PUBLISHED,2026-09-14
,District Panchayat Secretary,Rural Development & Panchayat Raj Department,Sivagangai,9443444595,distptsvg@gmail.com,https://tnrd.tn.gov.in/rdweb_newsite/project/reports/Public/contact_reports.php,Official Tamil Nadu Government department directory,SOURCE_PUBLISHED,2026-09-14
,Personal Assistant to Collector,Rural Development & Panchayat Raj Department,Sivagangai,7402608350,papd.tnsvg@nic.in,https://tnrd.tn.gov.in/rdweb_newsite/project/reports/Public/contact_reports.php,Official Tamil Nadu Government department directory,SOURCE_PUBLISHED,2026-09-14
,District Collector,Rural Development & Panchayat Raj Department,Tenkasi,9445053533,collr-tks@gov.in,https://tnrd.tn.gov.in/rdweb_newsite/project/reports/Public/contact_reports.php,Official Tamil Nadu Government department directory,SOURCE_PUBLISHED,2026-09-14
,Joint Director,Rural Development & Panchayat Raj Department,Tenkasi,9443967247,drda.tks@tn.gov.in,https://tnrd.tn.gov.in/rdweb_newsite/project/reports/Public/contact_reports.php,Official Tamil Nadu Government department directory,SOURCE_PUBLISHED,2026-09-14
,Assistant Director (Panchayats),Rural Development & Panchayat Raj Department,Tenkasi,8925504991,advprdprd.tks@tn.gov.in,https://tnrd.tn.gov.in/rdweb_newsite/project/reports/Public/contact_reports.php,Official Tamil Nadu Government department directory,SOURCE_PUBLISHED,2026-09-14
,Assistant Director (Audit),Rural Development & Panchayat Raj Department,Tenkasi,9566695186,adaudittenkasi@gmail.com,https://tnrd.tn.gov.in/rdweb_newsite/project/reports/Public/contact_reports.php,Official Tamil Nadu Government department directory,SOURCE_PUBLISHED,2026-09-14
,District Panchayat Secretary,Rural Development & Panchayat Raj Department,Tenkasi,8925588160,dpstenkasi@gmail.com,https://tnrd.tn.gov.in/rdweb_newsite/project/reports/Public/contact_reports.php,Official Tamil Nadu Government department directory,SOURCE_PUBLISHED,2026-09-14
,Personal Assistant to Collector,Rural Development & Panchayat Raj Department,Tenkasi,8925504988,papdtenkasi@gmail.com,https://tnrd.tn.gov.in/rdweb_newsite/project/reports/Public/contact_reports.php,Official Tamil Nadu Government department directory,SOURCE_PUBLISHED,2026-09-14
,District Collector,Rural Development & Panchayat Raj Department,Thanjavur,9444179000,collrtnj@nic.in,https://tnrd.tn.gov.in/rdweb_newsite/project/reports/Public/contact_reports.php,Official Tamil Nadu Government department directory,SOURCE_PUBLISHED,2026-09-14
,Joint Director,Rural Development & Panchayat Raj Department,Thanjavur,7373704214,drdatnj@nic.in,https://tnrd.tn.gov.in/rdweb_newsite/project/reports/Public/contact_reports.php,Official Tamil Nadu Government department directory,SOURCE_PUBLISHED,2026-09-14
,Assistant Director (Panchayats),Rural Development & Panchayat Raj Department,Thanjavur,7402607336,adpt.tntnj@nic.in,https://tnrd.tn.gov.in/rdweb_newsite/project/reports/Public/contact_reports.php,Official Tamil Nadu Government department directory,SOURCE_PUBLISHED,2026-09-14
,Assistant Director (Audit),Rural Development & Panchayat Raj Department,Thanjavur,7402607337,adaudittnj@gmail.com,https://tnrd.tn.gov.in/rdweb_newsite/project/reports/Public/contact_reports.php,Official Tamil Nadu Government department directory,SOURCE_PUBLISHED,2026-09-14
,District Panchayat Secretary,Rural Development & Panchayat Raj Department,Thanjavur,7402607339,dpotnj@gmail.com,https://tnrd.tn.gov.in/rdweb_newsite/project/reports/Public/contact_reports.php,Official Tamil Nadu Government department directory,SOURCE_PUBLISHED,2026-09-14
,Personal Assistant to Collector,Rural Development & Panchayat Raj Department,Thanjavur,7402607335,papd.tntnj@nic.in,https://tnrd.tn.gov.in/rdweb_newsite/project/reports/Public/contact_reports.php,Official Tamil Nadu Government department directory,SOURCE_PUBLISHED,2026-09-14
,District Collector,Rural Development & Panchayat Raj Department,Theni,9444172000,collrthn@nic.in,https://tnrd.tn.gov.in/rdweb_newsite/project/reports/Public/contact_reports.php,Official Tamil Nadu Government department directory,SOURCE_PUBLISHED,2026-09-14
,Joint Director,Rural Development & Panchayat Raj Department,Theni,7373704223,drdathn@nic.in,https://tnrd.tn.gov.in/rdweb_newsite/project/reports/Public/contact_reports.php,Official Tamil Nadu Government department directory,SOURCE_PUBLISHED,2026-09-14
,Assistant Director (Panchayats),Rural Development & Panchayat Raj Department,Theni,7402608013,adp.tnthn@nic.in,https://tnrd.tn.gov.in/rdweb_newsite/project/reports/Public/contact_reports.php,Official Tamil Nadu Government department directory,SOURCE_PUBLISHED,2026-09-14
,Assistant Director (Audit),Rural Development & Panchayat Raj Department,Theni,7402608014,adaudittheni@gmail.com,https://tnrd.tn.gov.in/rdweb_newsite/project/reports/Public/contact_reports.php,Official Tamil Nadu Government department directory,SOURCE_PUBLISHED,2026-09-14
,District Panchayat Secretary,Rural Development & Panchayat Raj Department,Theni,7402608015,districtpanchayatteni@gmail.com,https://tnrd.tn.gov.in/rdweb_newsite/project/reports/Public/contact_reports.php,Official Tamil Nadu Government department directory,SOURCE_PUBLISHED,2026-09-14
,Personal Assistant to Collector,Rural Development & Panchayat Raj Department,Theni,7402608011,papdtheni@yahoo.com,https://tnrd.tn.gov.in/rdweb_newsite/project/reports/Public/contact_reports.php,Official Tamil Nadu Government department directory,SOURCE_PUBLISHED,2026-09-14
,District Collector,Rural Development & Panchayat Raj Department,The Nilgiris,7373003590,collrnlg@nic.in,https://tnrd.tn.gov.in/rdweb_newsite/project/reports/Public/contact_reports.php,Official Tamil Nadu Government department directory,SOURCE_PUBLISHED,2026-09-14
,Joint Director,Rural Development & Panchayat Raj Department,The Nilgiris,7373704231,drdanlg@nic.in,https://tnrd.tn.gov.in/rdweb_newsite/project/reports/Public/contact_reports.php,Official Tamil Nadu Government department directory,SOURCE_PUBLISHED,2026-09-14
,Assistant Director (Panchayats),Rural Development & Panchayat Raj Department,The Nilgiris,7402608690,adpnlg@nic.in,https://tnrd.tn.gov.in/rdweb_newsite/project/reports/Public/contact_reports.php,Official Tamil Nadu Government department directory,SOURCE_PUBLISHED,2026-09-14
,Assistant Director (Audit),Rural Development & Panchayat Raj Department,The Nilgiris,7402608690,adptsnlg@gmail.com,https://tnrd.tn.gov.in/rdweb_newsite/project/reports/Public/contact_reports.php,Official Tamil Nadu Government department directory,SOURCE_PUBLISHED,2026-09-14
,District Panchayat Secretary,Rural Development & Panchayat Raj Department,The Nilgiris,7402608691,dponlg2013@gmail.com,https://tnrd.tn.gov.in/rdweb_newsite/project/reports/Public/contact_reports.php,Official Tamil Nadu Government department directory,SOURCE_PUBLISHED,2026-09-14
,Personal Assistant to Collector,Rural Development & Panchayat Raj Department,The Nilgiris,7402608688,papd.tnnlg@nic.in,https://tnrd.tn.gov.in/rdweb_newsite/project/reports/Public/contact_reports.php,Official Tamil Nadu Government department directory,SOURCE_PUBLISHED,2026-09-14
,District Collector,Rural Development & Panchayat Raj Department,Thoothukudi,7373003588,collrtut@nic.in,https://tnrd.tn.gov.in/rdweb_newsite/project/reports/Public/contact_reports.php,Official Tamil Nadu Government department directory,SOURCE_PUBLISHED,2026-09-14
,Joint Director,Rural Development & Panchayat Raj Department,Thoothukudi,7402608543,drdatut@nic.in,https://tnrd.tn.gov.in/rdweb_newsite/project/reports/Public/contact_reports.php,Official Tamil Nadu Government department directory,SOURCE_PUBLISHED,2026-09-14
,Assistant Director (Panchayats),Rural Development & Panchayat Raj Department,Thoothukudi,7402608543,adp.tntut@nic.in,https://tnrd.tn.gov.in/rdweb_newsite/project/reports/Public/contact_reports.php,Official Tamil Nadu Government department directory,SOURCE_PUBLISHED,2026-09-14
,Assistant Director (Audit),Rural Development & Panchayat Raj Department,Thoothukudi,7402608544,adaudit.tntut@gmail.com,https://tnrd.tn.gov.in/rdweb_newsite/project/reports/Public/contact_reports.php,Official Tamil Nadu Government department directory,SOURCE_PUBLISHED,2026-09-14
,District Panchayat Secretary,Rural Development & Panchayat Raj Department,Thoothukudi,7402608545,districtpanchayattuticorin@gmail.com,https://tnrd.tn.gov.in/rdweb_newsite/project/reports/Public/contact_reports.php,Official Tamil Nadu Government department directory,SOURCE_PUBLISHED,2026-09-14
,Personal Assistant to Collector,Rural Development & Panchayat Raj Department,Thoothukudi,7402608541,papd.tntut@nic.in,https://tnrd.tn.gov.in/rdweb_newsite/project/reports/Public/contact_reports.php,Official Tamil Nadu Government department directory,SOURCE_PUBLISHED,2026-09-14
,District Collector,Rural Development & Panchayat Raj Department,Tiruchirappalli,9444174000,collrtry@nic.in,https://tnrd.tn.gov.in/rdweb_newsite/project/reports/Public/contact_reports.php,Official Tamil Nadu Government department directory,SOURCE_PUBLISHED,2026-09-14
,Joint Director,Rural Development & Panchayat Raj Department,Tiruchirappalli,7373704217,drda.try@nic.in,https://tnrd.tn.gov.in/rdweb_newsite/project/reports/Public/contact_reports.php,Official Tamil Nadu Government department directory,SOURCE_PUBLISHED,2026-09-14
,Assistant Director (Panchayats),Rural Development & Panchayat Raj Department,Tiruchirappalli,7402607593,adptry@nic.in,https://tnrd.tn.gov.in/rdweb_newsite/project/reports/Public/contact_reports.php,Official Tamil Nadu Government department directory,SOURCE_PUBLISHED,2026-09-14
,Assistant Director (Audit),Rural Development & Panchayat Raj Department,Tiruchirappalli,7402607594,adaudit.trichy@gmail.com,https://tnrd.tn.gov.in/rdweb_newsite/project/reports/Public/contact_reports.php,Official Tamil Nadu Government department directory,SOURCE_PUBLISHED,2026-09-14
,District Panchayat Secretary,Rural Development & Panchayat Raj Department,Tiruchirappalli,7402607595,dpotry@gmail.com,https://tnrd.tn.gov.in/rdweb_newsite/project/reports/Public/contact_reports.php,Official Tamil Nadu Government department directory,SOURCE_PUBLISHED,2026-09-14
,Personal Assistant to Collector,Rural Development & Panchayat Raj Department,Tiruchirappalli,7402607671,papd.tntry@nic.in,https://tnrd.tn.gov.in/rdweb_newsite/project/reports/Public/contact_reports.php,Official Tamil Nadu Government department directory,SOURCE_PUBLISHED,2026-09-14
,District Collector,Rural Development & Panchayat Raj Department,Tirunelveli,9444185000,collrtnv@nic.in,https://tnrd.tn.gov.in/rdweb_newsite/project/reports/Public/contact_reports.php,Official Tamil Nadu Government department directory,SOURCE_PUBLISHED,2026-09-14
,Joint Director,Rural Development & Panchayat Raj Department,Tirunelveli,7373404228,drdatnv@nic.in,https://tnrd.tn.gov.in/rdweb_newsite/project/reports/Public/contact_reports.php,Official Tamil Nadu Government department directory,SOURCE_PUBLISHED,2026-09-14
,Assistant Director (Panchayats),Rural Development & Panchayat Raj Department,Tirunelveli,7402608423,adptnv@nic.in,https://tnrd.tn.gov.in/rdweb_newsite/project/reports/Public/contact_reports.php,Official Tamil Nadu Government department directory,SOURCE_PUBLISHED,2026-09-14
,Assistant Director (Audit),Rural Development & Panchayat Raj Department,Tirunelveli,7402908413,adaudit.tnvl@gmail.com,https://tnrd.tn.gov.in/rdweb_newsite/project/reports/Public/contact_reports.php,Official Tamil Nadu Government department directory,SOURCE_PUBLISHED,2026-09-14
,District Panchayat Secretary,Rural Development & Panchayat Raj Department,Tirunelveli,7402608426,dpotnvtvl@gmail.com,https://tnrd.tn.gov.in/rdweb_newsite/project/reports/Public/contact_reports.php,Official Tamil Nadu Government department directory,SOURCE_PUBLISHED,2026-09-14
,Personal Assistant to Collector,Rural Development & Panchayat Raj Department,Tirunelveli,7402608422,papdtnv@gmail.com,https://tnrd.tn.gov.in/rdweb_newsite/project/reports/Public/contact_reports.php,Official Tamil Nadu Government department directory,SOURCE_PUBLISHED,2026-09-14
,District Collector,Rural Development & Panchayat Raj Department,Tirupathur,6381515099,collr-tpt@gov.in,https://tnrd.tn.gov.in/rdweb_newsite/project/reports/Public/contact_reports.php,Official Tamil Nadu Government department directory,SOURCE_PUBLISHED,2026-09-14
,Joint Director,Rural Development & Panchayat Raj Department,Tirupathur,7402903663,adpanchtpt.tnvlr@nic.in,https://tnrd.tn.gov.in/rdweb_newsite/project/reports/Public/contact_reports.php,Official Tamil Nadu Government department directory,SOURCE_PUBLISHED,2026-09-14
,Assistant Director (Panchayats),Rural Development & Panchayat Raj Department,Tirupathur,7402903663,adpanchtpt.tnvlr@nic.in,https://tnrd.tn.gov.in/rdweb_newsite/project/reports/Public/contact_reports.php,Official Tamil Nadu Government department directory,SOURCE_PUBLISHED,2026-09-14
,Assistant Director (Audit),Rural Development & Panchayat Raj Department,Tirupathur,7402603665,adaudittpt@gmail.com,https://tnrd.tn.gov.in/rdweb_newsite/project/reports/Public/contact_reports.php,Official Tamil Nadu Government department directory,SOURCE_PUBLISHED,2026-09-14
,District Panchayat Secretary,Rural Development & Panchayat Raj Department,Tirupathur,948621204,districtpanchayats.tpt@gmail.com,https://tnrd.tn.gov.in/rdweb_newsite/project/reports/Public/contact_reports.php,Official Tamil Nadu Government department directory,SOURCE_PUBLISHED,2026-09-14
,Personal Assistant to Collector,Rural Development & Panchayat Raj Department,Tirupathur,8925509972,papd.tpt@gmail.com,https://tnrd.tn.gov.in/rdweb_newsite/project/reports/Public/contact_reports.php,Official Tamil Nadu Government department directory,SOURCE_PUBLISHED,2026-09-14
,District Collector,Rural Development & Panchayat Raj Department,Tiruppur,9442200909,collrtup@nic.in,https://tnrd.tn.gov.in/rdweb_newsite/project/reports/Public/contact_reports.php,Official Tamil Nadu Government department directory,SOURCE_PUBLISHED,2026-09-14
,Joint Director,Rural Development & Panchayat Raj Department,Tiruppur,7373704212,drda.tntpr@nic.in,https://tnrd.tn.gov.in/rdweb_newsite/project/reports/Public/contact_reports.php,Official Tamil Nadu Government department directory,SOURCE_PUBLISHED,2026-09-14
,Assistant Director (Panchayats),Rural Development & Panchayat Raj Department,Tiruppur,7402607162,adpantpr@nic.in,https://tnrd.tn.gov.in/rdweb_newsite/project/reports/Public/contact_reports.php,Official Tamil Nadu Government department directory,SOURCE_PUBLISHED,2026-09-14
,Assistant Director (Audit),Rural Development & Panchayat Raj Department,Tiruppur,7402607163,adauditrpt@gmail.com,https://tnrd.tn.gov.in/rdweb_newsite/project/reports/Public/contact_reports.php,Official Tamil Nadu Government department directory,SOURCE_PUBLISHED,2026-09-14
,District Panchayat Secretary,Rural Development & Panchayat Raj Department,Tiruppur,9384844537,dpotpr2013@gmail.com,https://tnrd.tn.gov.in/rdweb_newsite/project/reports/Public/contact_reports.php,Official Tamil Nadu Government department directory,SOURCE_PUBLISHED,2026-09-14
,Personal Assistant to Collector,Rural Development & Panchayat Raj Department,Tiruppur,7402607160,papd.tntpr@nic.in,https://tnrd.tn.gov.in/rdweb_newsite/project/reports/Public/contact_reports.php,Official Tamil Nadu Government department directory,SOURCE_PUBLISHED,2026-09-14
,District Collector,Rural Development & Panchayat Raj Department,Tiruvallur,9444132000,collrtlr@nic.in,https://tnrd.tn.gov.in/rdweb_newsite/project/reports/Public/contact_reports.php,Official Tamil Nadu Government department directory,SOURCE_PUBLISHED,2026-09-14
,Joint Director,Rural Development & Panchayat Raj Department,Tiruvallur,7373704202,drdatlr@nic.in,https://tnrd.tn.gov.in/rdweb_newsite/project/reports/Public/contact_reports.php,Official Tamil Nadu Government department directory,SOURCE_PUBLISHED,2026-09-14
,Assistant Director (Panchayats),Rural Development & Panchayat Raj Department,Tiruvallur,7402606111,adp.tntlr@nic.in,https://tnrd.tn.gov.in/rdweb_newsite/project/reports/Public/contact_reports.php,Official Tamil Nadu Government department directory,SOURCE_PUBLISHED,2026-09-14
,Assistant Director (Audit),Rural Development & Panchayat Raj Department,Tiruvallur,7402606112,adaudittvlr@gmail.com,https://tnrd.tn.gov.in/rdweb_newsite/project/reports/Public/contact_reports.php,Official Tamil Nadu Government department directory,SOURCE_PUBLISHED,2026-09-14
,District Panchayat Secretary,Rural Development & Panchayat Raj Department,Tiruvallur,7402606113,dpotlr2013@gmail.com,https://tnrd.tn.gov.in/rdweb_newsite/project/reports/Public/contact_reports.php,Official Tamil Nadu Government department directory,SOURCE_PUBLISHED,2026-09-14
,Personal Assistant to Collector,Rural Development & Panchayat Raj Department,Tiruvallur,7402606110,papd.tntlr@nic.in,https://tnrd.tn.gov.in/rdweb_newsite/project/reports/Public/contact_reports.php,Official Tamil Nadu Government department directory,SOURCE_PUBLISHED,2026-09-14
,District Collector,Rural Development & Panchayat Raj Department,Tiruvannamalai,9444137000,collrtvm@nic.in,https://tnrd.tn.gov.in/rdweb_newsite/project/reports/Public/contact_reports.php,Official Tamil Nadu Government department directory,SOURCE_PUBLISHED,2026-09-14
,Joint Director,Rural Development & Panchayat Raj Department,Tiruvannamalai,7373704206,drdatvm@nic.in,https://tnrd.tn.gov.in/rdweb_newsite/project/reports/Public/contact_reports.php,Official Tamil Nadu Government department directory,SOURCE_PUBLISHED,2026-09-14
,Assistant Director (Panchayats),Rural Development & Panchayat Raj Department,Tiruvannamalai,7402606611,adptvm@nic.in,https://tnrd.tn.gov.in/rdweb_newsite/project/reports/Public/contact_reports.php,Official Tamil Nadu Government department directory,SOURCE_PUBLISHED,2026-09-14
,Assistant Director (Audit),Rural Development & Panchayat Raj Department,Tiruvannamalai,7402606612,adaudit.tvm@gmail.com,https://tnrd.tn.gov.in/rdweb_newsite/project/reports/Public/contact_reports.php,Official Tamil Nadu Government department directory,SOURCE_PUBLISHED,2026-09-14
,District Panchayat Secretary,Rural Development & Panchayat Raj Department,Tiruvannamalai,7402606613,dpotvmalai@gmail.com,https://tnrd.tn.gov.in/rdweb_newsite/project/reports/Public/contact_reports.php,Official Tamil Nadu Government department directory,SOURCE_PUBLISHED,2026-09-14
,Personal Assistant to Collector,Rural Development & Panchayat Raj Department,Tiruvannamalai,7402606609,papd.tntvm@nic.in,https://tnrd.tn.gov.in/rdweb_newsite/project/reports/Public/contact_reports.php,Official Tamil Nadu Government department directory,SOURCE_PUBLISHED,2026-09-14
,District Collector,Rural Development & Panchayat Raj Department,Tiruvarur,9444178000,collrtvr@nic.in,https://tnrd.tn.gov.in/rdweb_newsite/project/reports/Public/contact_reports.php,Official Tamil Nadu Government department directory,SOURCE_PUBLISHED,2026-09-14
,Joint Director,Rural Development & Panchayat Raj Department,Tiruvarur,7373704216,drda.tntvr@nic.in,https://tnrd.tn.gov.in/rdweb_newsite/project/reports/Public/contact_reports.php,Official Tamil Nadu Government department directory,SOURCE_PUBLISHED,2026-09-14
,Assistant Director (Panchayats),Rural Development & Panchayat Raj Department,Tiruvarur,7402607518,adp.tntvr@nic.in,https://tnrd.tn.gov.in/rdweb_newsite/project/reports/Public/contact_reports.php,Official Tamil Nadu Government department directory,SOURCE_PUBLISHED,2026-09-14
,Assistant Director (Audit),Rural Development & Panchayat Raj Department,Tiruvarur,7402607519,adaudit.tntvr@gmail.com,https://tnrd.tn.gov.in/rdweb_newsite/project/reports/Public/contact_reports.php,Official Tamil Nadu Government department directory,SOURCE_PUBLISHED,2026-09-14
,District Panchayat Secretary,Rural Development & Panchayat Raj Department,Tiruvarur,7402607520,secydpo@tnvr.nic.in,https://tnrd.tn.gov.in/rdweb_newsite/project/reports/Public/contact_reports.php,Official Tamil Nadu Government department directory,SOURCE_PUBLISHED,2026-09-14
,Personal Assistant to Collector,Rural Development & Panchayat Raj Department,Tiruvarur,7402607516,papd.tntvr@nic.in,https://tnrd.tn.gov.in/rdweb_newsite/project/reports/Public/contact_reports.php,Official Tamil Nadu Government department directory,SOURCE_PUBLISHED,2026-09-14
,District Collector,Rural Development & Panchayat Raj Department,Vellore,9444135000,collrvel@nic.in,https://tnrd.tn.gov.in/rdweb_newsite/project/reports/Public/contact_reports.php,Official Tamil Nadu Government department directory,SOURCE_PUBLISHED,2026-09-14
,Joint Director,Rural Development & Panchayat Raj Department,Vellore,7373704205,drdavel@nic.in,https://tnrd.tn.gov.in/rdweb_newsite/project/reports/Public/contact_reports.php,Official Tamil Nadu Government department directory,SOURCE_PUBLISHED,2026-09-14
,Assistant Director (Panchayats),Rural Development & Panchayat Raj Department,Vellore,7373704205,adpvel@nic.in,https://tnrd.tn.gov.in/rdweb_newsite/project/reports/Public/contact_reports.php,Official Tamil Nadu Government department directory,SOURCE_PUBLISHED,2026-09-14
,Assistant Director (Audit),Rural Development & Panchayat Raj Department,Vellore,7402606585,adauditvellore@gmail.com,https://tnrd.tn.gov.in/rdweb_newsite/project/reports/Public/contact_reports.php,Official Tamil Nadu Government department directory,SOURCE_PUBLISHED,2026-09-14
,District Panchayat Secretary,Rural Development & Panchayat Raj Department,Vellore,7402606584,dtptvlr@gmail.com,https://tnrd.tn.gov.in/rdweb_newsite/project/reports/Public/contact_reports.php,Official Tamil Nadu Government department directory,SOURCE_PUBLISHED,2026-09-14
,Personal Assistant to Collector,Rural Development & Panchayat Raj Department,Vellore,7402606575,papd.tnvlr@nic.in,https://tnrd.tn.gov.in/rdweb_newsite/project/reports/Public/contact_reports.php,Official Tamil Nadu Government department directory,SOURCE_PUBLISHED,2026-09-14
,District Collector,Rural Development & Panchayat Raj Department,Villupuram,9444138000,collrvpm@nic.in,https://tnrd.tn.gov.in/rdweb_newsite/project/reports/Public/contact_reports.php,Official Tamil Nadu Government department directory,SOURCE_PUBLISHED,2026-09-14
,Joint Director,Rural Development & Panchayat Raj Department,Villupuram,7373704204,drdavpm@nic.in,https://tnrd.tn.gov.in/rdweb_newsite/project/reports/Public/contact_reports.php,Official Tamil Nadu Government department directory,SOURCE_PUBLISHED,2026-09-14
,Assistant Director (Panchayats),Rural Development & Panchayat Raj Department,Villupuram,7402606326,adpvpm@nic.in,https://tnrd.tn.gov.in/rdweb_newsite/project/reports/Public/contact_reports.php,Official Tamil Nadu Government department directory,SOURCE_PUBLISHED,2026-09-14
,Assistant Director (Audit),Rural Development & Panchayat Raj Department,Villupuram,7402606327,adauditvpm@gmail.com,https://tnrd.tn.gov.in/rdweb_newsite/project/reports/Public/contact_reports.php,Official Tamil Nadu Government department directory,SOURCE_PUBLISHED,2026-09-14
,District Panchayat Secretary,Rural Development & Panchayat Raj Department,Villupuram,7402606329,dpovpm@gmail.com,https://tnrd.tn.gov.in/rdweb_newsite/project/reports/Public/contact_reports.php,Official Tamil Nadu Government department directory,SOURCE_PUBLISHED,2026-09-14
,Personal Assistant to Collector,Rural Development & Panchayat Raj Department,Villupuram,7402606325,papd.tnvpm@nic.in,https://tnrd.tn.gov.in/rdweb_newsite/project/reports/Public/contact_reports.php,Official Tamil Nadu Government department directory,SOURCE_PUBLISHED,2026-09-14
,District Collector,Rural Development & Panchayat Raj Department,Virudhunagar,7373003585,collrvnr@nic.in,https://tnrd.tn.gov.in/rdweb_newsite/project/reports/Public/contact_reports.php,Official Tamil Nadu Government department directory,SOURCE_PUBLISHED,2026-09-14
,Joint Director,Rural Development & Panchayat Raj Department,Virudhunagar,7373704226,drdavnr@nic.in,https://tnrd.tn.gov.in/rdweb_newsite/project/reports/Public/contact_reports.php,Official Tamil Nadu Government department directory,SOURCE_PUBLISHED,2026-09-14
,Assistant Director (Panchayats),Rural Development & Panchayat Raj Department,Virudhunagar,7402608260,adp.tnvnr@nic.in,https://tnrd.tn.gov.in/rdweb_newsite/project/reports/Public/contact_reports.php,Official Tamil Nadu Government department directory,SOURCE_PUBLISHED,2026-09-14
,Assistant Director (Audit),Rural Development & Panchayat Raj Department,Virudhunagar,7402608261,adauditvnr@gmail.com,https://tnrd.tn.gov.in/rdweb_newsite/project/reports/Public/contact_reports.php,Official Tamil Nadu Government department directory,SOURCE_PUBLISHED,2026-09-14
,District Panchayat Secretary,Rural Development & Panchayat Raj Department,Virudhunagar,7402608259,dpovnr2013@gmail.com,https://tnrd.tn.gov.in/rdweb_newsite/project/reports/Public/contact_reports.php,Official Tamil Nadu Government department directory,SOURCE_PUBLISHED,2026-09-14
,Personal Assistant to Collector,Rural Development & Panchayat Raj Department,Virudhunagar,7402608263,papd.tnvnr@nic.in,https://tnrd.tn.gov.in/rdweb_newsite/project/reports/Public/contact_reports.php,Official Tamil Nadu Government department directory,SOURCE_PUBLISHED,2026-09-14
,Collector,District Administration,Chennai,9444131000,collrchn@nic.in,https://chennai.nic.in/contact-directory2/,Official Chennai District Government contact directory,SOURCE_PUBLISHED,2026-09-14
,District Revenue Officer (DRO),Revenue Administration,Chennai,9445000901,drochn@nic.in,https://chennai.nic.in/contact-directory2/,Official Chennai District Government contact directory,SOURCE_PUBLISHED,2026-09-14
,"Revenue Divisional Officer, Chennai Central",Revenue Administration,Chennai,9445461834,,https://chennai.nic.in/contact-directory2/,Official Chennai District Government contact directory,SOURCE_PUBLISHED,2026-09-14
,"Revenue Divisional Officer, Chennai North",Revenue Administration,Chennai,9385250785,,https://chennai.nic.in/contact-directory2/,Official Chennai District Government contact directory,SOURCE_PUBLISHED,2026-09-14
,"Revenue Divisional Officer, Chennai South",Revenue Administration,Chennai,9150042806,,https://chennai.nic.in/contact-directory2/,Official Chennai District Government contact directory,SOURCE_PUBLISHED,2026-09-14
,Assistant Director of Survey and Land Records,Survey & Land Records,Chennai,9940477088,adsurchn@nic.in,https://chennai.nic.in/contact-directory2/,Official Chennai District Government contact directory,SOURCE_PUBLISHED,2026-09-14
