State,District,Administrative_Level,Designation,Officer_Name,Official_Email,Official_Mobile,Office_Landline,Source_URL,Verified_Date,Data_Status
Tamil Nadu,Chennai,District,Collector,"Thiru V. Anbuselvan, IAS",collrchn@nic.in,9444131000,044-25228025,https://chennai.nic.in/divisions/district-administration/,2026-09-07,REAL_OFFICIAL_GOVERNMENT_PUBLISHED
Tamil Nadu,Chennai,District,District Revenue Officer,Thiru S. Karunakaran,drochn@nic.in,,044-25229454,https://chennai.nic.in/divisions/district-administration/,2026-09-07,REAL_OFFICIAL_GOVERNMENT_PUBLISHED
Tamil Nadu,Chennai,District,Assistant Director of Survey and Land Records,,adsurchn@nic.in,9940477088,044-25226035,https://chennai.nic.in/contact-directory2/,2026-09-07,REAL_OFFICIAL_GOVERNMENT_PUBLISHED
Tamil Nadu,Chennai,Taluk,Tahsildar,Taluk office: Tondiarpet,,9384094001,044-25911727,https://chennai.nic.in/mobile-numbers/,2026-09-07,REAL_OFFICIAL_GOVERNMENT_PUBLISHED
Tamil Nadu,Chennai,Taluk,Tahsildar,Taluk office: Thiruvottiyur,,9384094008,044-25991997,https://chennai.nic.in/mobile-numbers/,2026-09-07,REAL_OFFICIAL_GOVERNMENT_PUBLISHED
Tamil Nadu,Chennai,Taluk,Tahsildar,Taluk office: Purasawalkam,,9445000484,044-25388978,https://chennai.nic.in/mobile-numbers/,2026-09-07,REAL_OFFICIAL_GOVERNMENT_PUBLISHED
Tamil Nadu,Chennai,Taluk,Tahsildar,Taluk office: Perambur,,9445000485,044-25375131,https://chennai.nic.in/mobile-numbers/,2026-09-07,REAL_OFFICIAL_GOVERNMENT_PUBLISHED
Tamil Nadu,Chennai,Taluk,Tahsildar,Taluk office: Madhavaram,,9384094007,044-26590193,https://chennai.nic.in/mobile-numbers/,2026-09-07,REAL_OFFICIAL_GOVERNMENT_PUBLISHED
Tamil Nadu,Chennai,Taluk,Tahsildar,Taluk office: Ayanavaram,,9384094003,044-26431726,https://chennai.nic.in/mobile-numbers/,2026-09-07,REAL_OFFICIAL_GOVERNMENT_PUBLISHED
Tamil Nadu,Chennai,Taluk,Tahsildar,Taluk office: Aminjikarai,,9384094002,044-26201727,https://chennai.nic.in/mobile-numbers/,2026-09-07,REAL_OFFICIAL_GOVERNMENT_PUBLISHED
Tamil Nadu,Chennai,Taluk,Tahsildar,Taluk office: Ambattur,,9445000489,044-26252785,https://chennai.nic.in/mobile-numbers/,2026-09-07,REAL_OFFICIAL_GOVERNMENT_PUBLISHED
Tamil Nadu,Chennai,Taluk,Tahsildar,Taluk office: Egmore,,9445000486,044-28361890,https://chennai.nic.in/mobile-numbers/,2026-09-07,REAL_OFFICIAL_GOVERNMENT_PUBLISHED
Tamil Nadu,Chennai,Taluk,Tahsildar,Taluk office: Maduravoyal,,9384094006,044-23861386,https://chennai.nic.in/mobile-numbers/,2026-09-07,REAL_OFFICIAL_GOVERNMENT_PUBLISHED
Tamil Nadu,Chennai,Taluk,Tahsildar,Taluk office: Mambalam,,9445000488,044-24891464,https://chennai.nic.in/mobile-numbers/,2026-09-07,REAL_OFFICIAL_GOVERNMENT_PUBLISHED
Tamil Nadu,Chennai,Taluk,Tahsildar,Taluk office: Mylapore,,9445000487,044-24331292,https://chennai.nic.in/mobile-numbers/,2026-09-07,REAL_OFFICIAL_GOVERNMENT_PUBLISHED
Tamil Nadu,Chennai,Taluk,Tahsildar,Taluk office: Velachery,,9384094005,044-22431737,https://chennai.nic.in/mobile-numbers/,2026-09-07,REAL_OFFICIAL_GOVERNMENT_PUBLISHED
Tamil Nadu,Chennai,Taluk,Tahsildar,Taluk office: Guindy,,9384094004,044-22351850,https://chennai.nic.in/mobile-numbers/,2026-09-07,REAL_OFFICIAL_GOVERNMENT_PUBLISHED
Tamil Nadu,Chennai,Taluk,Tahsildar,Taluk office: Alandur,,9384094010,044-22320580,https://chennai.nic.in/mobile-numbers/,2026-09-07,REAL_OFFICIAL_GOVERNMENT_PUBLISHED
Tamil Nadu,Chennai,Taluk,Tahsildar,Taluk office: Sholinganallur,,9384094009,044-24501700,https://chennai.nic.in/mobile-numbers/,2026-09-07,REAL_OFFICIAL_GOVERNMENT_PUBLISHED
Tamil Nadu,Ariyalur,Taluk,Tahsildar,Taluk office: Andimadam,,7825873281,04331-242500,https://ariyalur.nic.in/contact-directory/,2026-09-07,REAL_OFFICIAL_GOVERNMENT_PUBLISHED
Tamil Nadu,Ariyalur,Taluk,Tahsildar,Taluk office: Udayarpalayam,,9445000614,04331-250220,https://ariyalur.nic.in/contact-directory/,2026-09-07,REAL_OFFICIAL_GOVERNMENT_PUBLISHED
Tamil Nadu,Ariyalur,Taluk,Tahsildar,Taluk office: Sendurai,,9445000615,04329-242320,https://ariyalur.nic.in/contact-directory/,2026-09-07,REAL_OFFICIAL_GOVERNMENT_PUBLISHED
Tamil Nadu,Ariyalur,Taluk,Tahsildar,Taluk office: Ariyalur,,9445000613,04329-222062,https://ariyalur.nic.in/contact-directory/,2026-09-07,REAL_OFFICIAL_GOVERNMENT_PUBLISHED
Tamil Nadu,Ariyalur,Revenue Division,RDO,RDO Udayarpalayam,,9445000460,04331-245352,https://ariyalur.nic.in/contact-directory/,2026-09-07,REAL_OFFICIAL_GOVERNMENT_PUBLISHED
Tamil Nadu,Ariyalur,Revenue Division,RDO,RDO Ariyalur,,9445000459,04329-222058,https://ariyalur.nic.in/contact-directory/,2026-09-07,REAL_OFFICIAL_GOVERNMENT_PUBLISHED
Tamil Nadu,Chengalpattu,District,District Collector,,collr-cpt@nic.in,9445456000,044-27427412,https://chengalpattu.nic.in/contact-directory/,2026-09-07,REAL_OFFICIAL_GOVERNMENT_PUBLISHED
Tamil Nadu,Chengalpattu,District,District Revenue Officer,,dro.cpt@tn.gov.in,9445000953,044-27427413,https://chengalpattu.nic.in/contact-directory/,2026-09-07,REAL_OFFICIAL_GOVERNMENT_PUBLISHED
Tamil Nadu,Chengalpattu,Revenue Division,RDO,RDO Tambaram,rdotbm.tnkpm@nic.in,9384094738,044-22410050,https://chengalpattu.nic.in/contact-directory/,2026-09-07,REAL_OFFICIAL_GOVERNMENT_PUBLISHED
Tamil Nadu,Chengalpattu,Revenue Division,RDO,RDO Chengalpattu,rdocpt.tnkpm@nic.in,9445000414,044-27426492,https://chengalpattu.nic.in/contact-directory/,2026-09-07,REAL_OFFICIAL_GOVERNMENT_PUBLISHED
Tamil Nadu,Chengalpattu,Revenue Division,RDO,RDO Madurantakam,rdomdm.tnkpm@nic.in,9445000415,044-27552196,https://chengalpattu.nic.in/contact-directory/,2026-09-07,REAL_OFFICIAL_GOVERNMENT_PUBLISHED
Tamil Nadu,Chengalpattu,Taluk,Tahsildar,Taluk office: Thiruporur,tahthiruporur.tnkpm@nic.in,9688516123,044-27445072,https://chengalpattu.nic.in/contact-directory/,2026-09-07,REAL_OFFICIAL_GOVERNMENT_PUBLISHED
Tamil Nadu,Chengalpattu,Taluk,Tahsildar,Taluk office: Madurantakam,tahmdm.tnkpm@nic.in,9444564854,044-27552445,https://chengalpattu.nic.in/contact-directory/,2026-09-07,REAL_OFFICIAL_GOVERNMENT_PUBLISHED
Tamil Nadu,Chengalpattu,Taluk,Tahsildar,Taluk office: Cheyyur,tahchy.tnkpm@nic.in,8667276684,044-27531144,https://chengalpattu.nic.in/contact-directory/,2026-09-07,REAL_OFFICIAL_GOVERNMENT_PUBLISHED
Tamil Nadu,Chengalpattu,Taluk,Tahsildar,Taluk office: Tambaram,tahtbm.tnkpm@nic.in,9445000502,044-22382210,https://chengalpattu.nic.in/contact-directory/,2026-09-07,REAL_OFFICIAL_GOVERNMENT_PUBLISHED
Tamil Nadu,Chengalpattu,Taluk,Tahsildar,Taluk office: Thirukkalukundram,tahtkm.tnkpm@nic.in,9444433143,044-27447494,https://chengalpattu.nic.in/contact-directory/,2026-09-07,REAL_OFFICIAL_GOVERNMENT_PUBLISHED
Tamil Nadu,Chengalpattu,Taluk,Tahsildar,Taluk office: Pallavaram,,9940445930,044-22652230,https://chengalpattu.nic.in/contact-directory/,2026-09-07,REAL_OFFICIAL_GOVERNMENT_PUBLISHED
Tamil Nadu,Chengalpattu,Taluk,Tahsildar,Taluk office: Chengalpattu,tahcpt.tnkpm@nic.in,9781084272,044-27432318,https://chengalpattu.nic.in/contact-directory/,2026-09-07,REAL_OFFICIAL_GOVERNMENT_PUBLISHED
Tamil Nadu,Chengalpattu,Taluk,Tahsildar,Taluk office: Vandalur,,9384094646,044-29535507,https://chengalpattu.nic.in/contact-directory/,2026-09-07,REAL_OFFICIAL_GOVERNMENT_PUBLISHED
Tamil Nadu,Cuddalore,Taluk,Tahsildar,Taluk office: Srimushnam,,7825873311,04144-245257,https://cuddalore.nic.in/contact-directory/,2026-09-07,REAL_OFFICIAL_GOVERNMENT_PUBLISHED
Tamil Nadu,Cuddalore,Taluk,Tahsildar,Taluk office: Kattumannarkoil,,9003927728,04144-262053,https://cuddalore.nic.in/contact-directory/,2026-09-07,REAL_OFFICIAL_GOVERNMENT_PUBLISHED
Tamil Nadu,Cuddalore,Taluk,Tahsildar,Taluk office: Veppur,,9543809145,04143-241250,https://cuddalore.nic.in/contact-directory/,2026-09-07,REAL_OFFICIAL_GOVERNMENT_PUBLISHED
Tamil Nadu,Cuddalore,Taluk,Tahsildar,Taluk office: Titagudi,,9360021593,04143-255249,https://cuddalore.nic.in/contact-directory/,2026-09-07,REAL_OFFICIAL_GOVERNMENT_PUBLISHED
Tamil Nadu,Cuddalore,Taluk,Tahsildar,Taluk office: Vriudhachalam,,9789847533,04143-238289,https://cuddalore.nic.in/contact-directory/,2026-09-07,REAL_OFFICIAL_GOVERNMENT_PUBLISHED
Tamil Nadu,Cuddalore,Taluk,Tahsildar,Taluk office: Bhuvanagiri,,9786959669,04144-240299,https://cuddalore.nic.in/contact-directory/,2026-09-07,REAL_OFFICIAL_GOVERNMENT_PUBLISHED
Tamil Nadu,Cuddalore,Taluk,Tahsildar,Taluk office: Chidambaram,,9444216903,04144-227866,https://cuddalore.nic.in/contact-directory/,2026-09-07,REAL_OFFICIAL_GOVERNMENT_PUBLISHED
Tamil Nadu,Cuddalore,Taluk,Tahsildar,Taluk office: Kurinjipadi,,9486680820,04142-258901,https://cuddalore.nic.in/contact-directory/,2026-09-07,REAL_OFFICIAL_GOVERNMENT_PUBLISHED
Tamil Nadu,Cuddalore,Taluk,Tahsildar,Taluk office: Panruti,,9842939371,04142-242174,https://cuddalore.nic.in/contact-directory/,2026-09-07,REAL_OFFICIAL_GOVERNMENT_PUBLISHED
Tamil Nadu,Dharmapuri,Revenue Division,R.D.O. Dharmapuri,,rdodpi.tn@nic.in,,04342-260038,https://dharmapuri.nic.in/contact-directory/,2026-09-07,REAL_OFFICIAL_GOVERNMENT_PUBLISHED
Tamil Nadu,Dharmapuri,Revenue Division,R.D.O Harur,,,,04346-221400,https://dharmapuri.nic.in/contact-directory/,2026-09-07,REAL_OFFICIAL_GOVERNMENT_PUBLISHED
Tamil Nadu,Dharmapuri,Taluk,Tahsildar-Dharmapuri,,tlkdpi.tn@nic.in,,04342-260927,https://dharmapuri.nic.in/contact-directory/,2026-09-07,REAL_OFFICIAL_GOVERNMENT_PUBLISHED
Tamil Nadu,Dharmapuri,Taluk,Tahsildar-Pennagaram,,tlkpennagaram.tn@nic.in,,04342-255636,https://dharmapuri.nic.in/contact-directory/,2026-09-07,REAL_OFFICIAL_GOVERNMENT_PUBLISHED
Tamil Nadu,Dharmapuri,Taluk,Tahsildar-Harur,,tlkharur.tn@nic.in,,04346-222023,https://dharmapuri.nic.in/contact-directory/,2026-09-07,REAL_OFFICIAL_GOVERNMENT_PUBLISHED
Tamil Nadu,Dharmapuri,Taluk,Tahsildar-Pappireddipatti,,tlkprpatty.tn@nic.in,,04346-246544,https://dharmapuri.nic.in/contact-directory/,2026-09-07,REAL_OFFICIAL_GOVERNMENT_PUBLISHED
Tamil Nadu,Dharmapuri,Taluk,Tahsildar-Palacode,,tlkpalacode.tn@nic.in,,04348-222045,https://dharmapuri.nic.in/contact-directory/,2026-09-07,REAL_OFFICIAL_GOVERNMENT_PUBLISHED
Tamil Nadu,Dharmapuri,Taluk,Tahsildar-Nallampalli,,,,04342-244456,https://dharmapuri.nic.in/contact-directory/,2026-09-07,REAL_OFFICIAL_GOVERNMENT_PUBLISHED
Tamil Nadu,Dharmapuri,Taluk,Tahsildar-Karimangalam,,,,04348-242411,https://dharmapuri.nic.in/contact-directory/,2026-09-07,REAL_OFFICIAL_GOVERNMENT_PUBLISHED
Tamil Nadu,Dindigul,District,District Collector,,collrdgl@nic.in,9444169000,0451-2461199,https://dindigul.nic.in/contact-directory/,2026-09-07,REAL_OFFICIAL_GOVERNMENT_PUBLISHED
Tamil Nadu,Dindigul,Revenue Division,District Revenue Officer,,dro.tndgl@nic.in,9445000915,0451-2460300,https://dindigul.nic.in/contact-directory/,2026-09-07,REAL_OFFICIAL_GOVERNMENT_PUBLISHED
Tamil Nadu,Dindigul,District,"Sub-Collector/RDO, Dindigul",,rdo.tndgl@nic.in,9445000446,0451-2432615,https://dindigul.nic.in/contact-directory/,2026-09-07,REAL_OFFICIAL_GOVERNMENT_PUBLISHED
Tamil Nadu,Dindigul,District,"Sub-Collector/RDO, Palani",,rdopln.tndgl@nic.in,9445000447,04545-242250,https://dindigul.nic.in/contact-directory/,2026-09-07,REAL_OFFICIAL_GOVERNMENT_PUBLISHED
Tamil Nadu,Dindigul,District,"Sub-Collector/RDO, Kodaikkanal",,rdokkl.tndgl@nic.in,9445000448,04542-240296,https://dindigul.nic.in/contact-directory/,2026-09-07,REAL_OFFICIAL_GOVERNMENT_PUBLISHED
Tamil Nadu,Dindigul,Taluk,Tahsildar,Taluk office: Dindigul West,,9445000579,0451-2427304,https://dindigul.nic.in/contact-directory/,2026-09-07,REAL_OFFICIAL_GOVERNMENT_PUBLISHED
Tamil Nadu,Dindigul,Taluk,Tahsildar,Taluk office: Dindigul East,,9942130514,0451-2471305,https://dindigul.nic.in/contact-directory/,2026-09-07,REAL_OFFICIAL_GOVERNMENT_PUBLISHED
Tamil Nadu,Dindigul,Taluk,Tahsildar,Taluk office: Natham,,9445000580,04544-244452,https://dindigul.nic.in/contact-directory/,2026-09-07,REAL_OFFICIAL_GOVERNMENT_PUBLISHED
Tamil Nadu,Dindigul,Taluk,Tahsildar,Taluk office: Nilakottai,,9445000581,04543-233631,https://dindigul.nic.in/contact-directory/,2026-09-07,REAL_OFFICIAL_GOVERNMENT_PUBLISHED
Tamil Nadu,Dindigul,Taluk,Tahsildar,Taluk office: Athoor,,9384094523,0451-2556212,https://dindigul.nic.in/contact-directory/,2026-09-07,REAL_OFFICIAL_GOVERNMENT_PUBLISHED
Tamil Nadu,Dindigul,Taluk,Tahsildar,Taluk office: Palani,,9445000582,04545-242266,https://dindigul.nic.in/contact-directory/,2026-09-07,REAL_OFFICIAL_GOVERNMENT_PUBLISHED
Tamil Nadu,Dindigul,Taluk,Tahsildar,Taluk office: Oddanchatram,,9445000583,04553-241100,https://dindigul.nic.in/contact-directory/,2026-09-07,REAL_OFFICIAL_GOVERNMENT_PUBLISHED
Tamil Nadu,Dindigul,Taluk,Tahsildar,Taluk office: Vedasandur,,9445000584,04551-260224,https://dindigul.nic.in/contact-directory/,2026-09-07,REAL_OFFICIAL_GOVERNMENT_PUBLISHED
Tamil Nadu,Dindigul,Taluk,Tahsildar,Taluk office: Gziliamparai,,7395855390,,https://dindigul.nic.in/contact-directory/,2026-09-07,REAL_OFFICIAL_GOVERNMENT_PUBLISHED
Tamil Nadu,Dindigul,Taluk,Tahsildar,Taluk office: Kodaikanal,,9445000585,04542-240243,https://dindigul.nic.in/contact-directory/,2026-09-07,REAL_OFFICIAL_GOVERNMENT_PUBLISHED
Tamil Nadu,Kancheepuram,Taluk,Tahsildar,Taluk office: Kancheepuram,tahkpm.tnkpm@nic.in,9445000497,,https://kancheepuram.nic.in/contact-directory/,2026-09-07,REAL_OFFICIAL_GOVERNMENT_PUBLISHED
Tamil Nadu,Kancheepuram,Taluk,Tahsildar,Taluk office: Sriperumbudur,tahsri.tnkpm@nic.in,9445000499,044-27162231,https://kancheepuram.nic.in/contact-directory/,2026-09-07,REAL_OFFICIAL_GOVERNMENT_PUBLISHED
Tamil Nadu,Kancheepuram,Taluk,Tahsildar,Taluk office: Uthiramerur,tahuth.tnkpm@nic.in,9445000498,044-27272230,https://kancheepuram.nic.in/contact-directory/,2026-09-07,REAL_OFFICIAL_GOVERNMENT_PUBLISHED
Tamil Nadu,Kancheepuram,Taluk,Tahsildar,Taluk office: Kundrathur,,9444279499,044-24780449,https://kancheepuram.nic.in/contact-directory/,2026-09-07,REAL_OFFICIAL_GOVERNMENT_PUBLISHED
Tamil Nadu,Kancheepuram,Taluk,Tahsildar,Taluk office: Walajabad,,9384094643,044-27256090,https://kancheepuram.nic.in/contact-directory/,2026-09-07,REAL_OFFICIAL_GOVERNMENT_PUBLISHED
Tamil Nadu,Kancheepuram,District,District Revenue Officer,,,9445000903,044-27237945,https://kancheepuram.nic.in/contact-directory/,2026-09-07,REAL_OFFICIAL_GOVERNMENT_PUBLISHED
Tamil Nadu,Kancheepuram,Revenue Division,RDO Kancheepuram,,,9445000413,,https://kancheepuram.nic.in/contact-directory/,2026-09-07,REAL_OFFICIAL_GOVERNMENT_PUBLISHED
Tamil Nadu,Kancheepuram,Revenue Division,RDO Sriperumbudur,,rdosrioff.kpm@tn.gov.in,9444964899,044-27162230,https://kancheepuram.nic.in/contact-directory/,2026-09-07,REAL_OFFICIAL_GOVERNMENT_PUBLISHED
Tamil Nadu,Kanniyakumari,Taluk,Tahsildar,Taluk office: Killiyoor,thrklr.kkm@tn.gov.in,-,-,https://kanniyakumari.nic.in/contactdirectorydatatable/,2026-09-07,REAL_OFFICIAL_GOVERNMENT_PUBLISHED
Tamil Nadu,Kanniyakumari,Taluk,Tahsildar,Taluk office: Thiruvattar,,-,-,https://kanniyakumari.nic.in/contactdirectorydatatable/,2026-09-07,REAL_OFFICIAL_GOVERNMENT_PUBLISHED
Tamil Nadu,Kanniyakumari,Taluk,Tahsildar,Taluk office: Agasteeswaram,tahagm.tnkkm@nic.in,-,4652233167,https://kanniyakumari.nic.in/contactdirectorydatatable/,2026-09-07,REAL_OFFICIAL_GOVERNMENT_PUBLISHED
Tamil Nadu,Kanniyakumari,Taluk,Tahsildar,Taluk office: Thovalai,tahtho.tnkkm@nic.in,9445000688,-,https://kanniyakumari.nic.in/contactdirectorydatatable/,2026-09-07,REAL_OFFICIAL_GOVERNMENT_PUBLISHED
Tamil Nadu,Kanniyakumari,Taluk,Tahsildar,Taluk office: Kalkulam,tahkal.tnkkm@nic.in,-,4651250724,https://kanniyakumari.nic.in/contactdirectorydatatable/,2026-09-07,REAL_OFFICIAL_GOVERNMENT_PUBLISHED
Tamil Nadu,Kanniyakumari,Taluk,Tahsildar,Taluk office: Vilavancode,tahvil.tnkkm@nic.in,-,4651260232,https://kanniyakumari.nic.in/contactdirectorydatatable/,2026-09-07,REAL_OFFICIAL_GOVERNMENT_PUBLISHED
Tamil Nadu,Kanniyakumari,Revenue Division,Sub-Collector,"Sub-Collector, Padmanabhapuram",rdopdm.tnkkm@nic.in,9445000483,,https://kanniyakumari.nic.in/contactdirectorydatatable/,2026-09-07,REAL_OFFICIAL_GOVERNMENT_PUBLISHED
Tamil Nadu,Kanniyakumari,Revenue Division,RDO,"RDO, Nagercoil",rdongl.tnkkm@nic.in,9445000482,,https://kanniyakumari.nic.in/contactdirectorydatatable/,2026-09-07,REAL_OFFICIAL_GOVERNMENT_PUBLISHED
Tamil Nadu,Karur,Taluk,Tahsildar,Taluk office: Karur,talukkar.tnkar@nic.in,9445000598,04324-260745,https://karur.nic.in/contact-directory/,2026-09-07,REAL_OFFICIAL_GOVERNMENT_PUBLISHED
Tamil Nadu,Karur,Taluk,Tahsildar,Taluk office: Aravakurichi,talukara.tnkar@nic.in,9445000599,04320-230170,https://karur.nic.in/contact-directory/,2026-09-07,REAL_OFFICIAL_GOVERNMENT_PUBLISHED
Tamil Nadu,Karur,Taluk,Tahsildar,Taluk office: Kulithalai,talukkul.tnkar@nic.in,9445000600,04323-222015,https://karur.nic.in/contact-directory/,2026-09-07,REAL_OFFICIAL_GOVERNMENT_PUBLISHED
Tamil Nadu,Karur,Taluk,Tahsildar,Taluk office: Krishnarayapuram,talukkrp.tnkar@nic.in,9445000601,04323-243366,https://karur.nic.in/contact-directory/,2026-09-07,REAL_OFFICIAL_GOVERNMENT_PUBLISHED
Tamil Nadu,Karur,Taluk,Tahsildar,Taluk office: Manmangalam,mantaluk.tnkar@nic.in,9445461817,04324-288334,https://karur.nic.in/contact-directory/,2026-09-07,REAL_OFFICIAL_GOVERNMENT_PUBLISHED
Tamil Nadu,Karur,Taluk,Tahsildar,Taluk office: Kadavur,kdvtlk.tnkar@nic.in,9384094316,04323-251444,https://karur.nic.in/contact-directory/,2026-09-07,REAL_OFFICIAL_GOVERNMENT_PUBLISHED
Tamil Nadu,Karur,Taluk,Tahsildar,Taluk office: Pugalur,talukpug-tnkar@nic.in,9384094315,04324-270370,https://karur.nic.in/contact-directory/,2026-09-07,REAL_OFFICIAL_GOVERNMENT_PUBLISHED
Tamil Nadu,Krishnagiri,Taluk,Tahsildar,Taluk office: Anchetty,,9865710071,,https://krishnagiri.nic.in/directories/contact-directory/,2026-09-07,REAL_OFFICIAL_GOVERNMENT_PUBLISHED
Tamil Nadu,Krishnagiri,Taluk,Tahsildar,Taluk office: Denkanikottai,,9445000542,04347-235042,https://krishnagiri.nic.in/directories/contact-directory/,2026-09-07,REAL_OFFICIAL_GOVERNMENT_PUBLISHED
Tamil Nadu,Krishnagiri,Taluk,Tahsildar,Taluk office: Hosur,,9445000541,04344-222645,https://krishnagiri.nic.in/directories/contact-directory/,2026-09-07,REAL_OFFICIAL_GOVERNMENT_PUBLISHED
Tamil Nadu,Krishnagiri,Taluk,Tahsildar,Taluk office: Shoolagiri,,9442795549,,https://krishnagiri.nic.in/directories/contact-directory/,2026-09-07,REAL_OFFICIAL_GOVERNMENT_PUBLISHED
Tamil Nadu,Krishnagiri,Taluk,Tahsildar,Taluk office: Pochampalli,,9445000540,04341-252373,https://krishnagiri.nic.in/directories/contact-directory/,2026-09-07,REAL_OFFICIAL_GOVERNMENT_PUBLISHED
Tamil Nadu,Krishnagiri,Taluk,Tahsildar,Taluk office: Uthangarai,,9445000539,,https://krishnagiri.nic.in/directories/contact-directory/,2026-09-07,REAL_OFFICIAL_GOVERNMENT_PUBLISHED
Tamil Nadu,Krishnagiri,Taluk,Tahsildar,Taluk office: Bargur,,9597404473,,https://krishnagiri.nic.in/directories/contact-directory/,2026-09-07,REAL_OFFICIAL_GOVERNMENT_PUBLISHED
Tamil Nadu,Krishnagiri,Taluk,Tahsildar,Taluk office: Krishnagiri,,9445000538,,https://krishnagiri.nic.in/directories/contact-directory/,2026-09-07,REAL_OFFICIAL_GOVERNMENT_PUBLISHED
Tamil Nadu,Krishnagiri,Revenue Division,RDO,RDO Krishnagiri,,9445000429,04343-236733,https://krishnagiri.nic.in/directories/contact-directory/,2026-09-07,REAL_OFFICIAL_GOVERNMENT_PUBLISHED
Tamil Nadu,Krishnagiri,Revenue Division,Sub Collector,Sub Collector Hosur,,9445000430,04344-222622,https://krishnagiri.nic.in/directories/contact-directory/,2026-09-07,REAL_OFFICIAL_GOVERNMENT_PUBLISHED
Tamil Nadu,Madurai,Taluk,Tahsildar,Taluk office: Madurai North,,9445000586,0452-2532858,https://madurai.nic.in/contact-directory/,2026-09-07,REAL_OFFICIAL_GOVERNMENT_PUBLISHED
Tamil Nadu,Madurai,Taluk,Tahsildar,Taluk office: Madurai West,,9445461850,0452-2605300,https://madurai.nic.in/contact-directory/,2026-09-07,REAL_OFFICIAL_GOVERNMENT_PUBLISHED
Tamil Nadu,Madurai,Taluk,Tahsildar,Taluk office: Vadipatti,,9445000589,04543-254241,https://madurai.nic.in/contact-directory/,2026-09-07,REAL_OFFICIAL_GOVERNMENT_PUBLISHED
Tamil Nadu,Madurai,Taluk,Tahsildar,Taluk office: Madurai South,,9445000587,0452-2531645,https://madurai.nic.in/contact-directory/,2026-09-07,REAL_OFFICIAL_GOVERNMENT_PUBLISHED
Tamil Nadu,Madurai,Taluk,Tahsildar,Taluk office: Thirupparankundram,,9445461847,0452-2482311,https://madurai.nic.in/contact-directory/,2026-09-07,REAL_OFFICIAL_GOVERNMENT_PUBLISHED
Tamil Nadu,Madurai,Revenue Division,RDO,RDO Madurai,,9445000449,0452-2530644,https://madurai.nic.in/contact-directory/,2026-09-07,REAL_OFFICIAL_GOVERNMENT_PUBLISHED
Tamil Nadu,Madurai,Revenue Division,RDO,RDO Usilampatti,,9445000450,04552-252149,https://madurai.nic.in/contact-directory/,2026-09-07,REAL_OFFICIAL_GOVERNMENT_PUBLISHED
Tamil Nadu,Madurai,Revenue Division,RDO,RDO Melur,,9385251053,0452-2422823,https://madurai.nic.in/contact-directory/,2026-09-07,REAL_OFFICIAL_GOVERNMENT_PUBLISHED
Tamil Nadu,Madurai,Revenue Division,RDO,RDO Thirumangalam,,9943110335,04549-293933,https://madurai.nic.in/contact-directory/,2026-09-07,REAL_OFFICIAL_GOVERNMENT_PUBLISHED
Tamil Nadu,Mayiladuthurai,Taluk,Tahsildar,Taluk office: Tharangambadi,,9445000621,04364-289463,https://mayiladuthurai.nic.in/contact-directory/,2026-09-07,REAL_OFFICIAL_GOVERNMENT_PUBLISHED
Tamil Nadu,Mayiladuthurai,Taluk,Tahsildar,Taluk office: Sirkali,,9445000622,04364-270324,https://mayiladuthurai.nic.in/contact-directory/,2026-09-07,REAL_OFFICIAL_GOVERNMENT_PUBLISHED
Tamil Nadu,Mayiladuthurai,Taluk,Tahsildar,Taluk office: Kuthalam,,9486536709,04364-221150,https://mayiladuthurai.nic.in/contact-directory/,2026-09-07,REAL_OFFICIAL_GOVERNMENT_PUBLISHED
Tamil Nadu,Mayiladuthurai,Taluk,Tahsildar,Taluk office: Tharangambadi,,9445000621,04364-289463,https://mayiladuthurai.nic.in/contact-directory/,2026-09-07,REAL_OFFICIAL_GOVERNMENT_PUBLISHED
Tamil Nadu,Mayiladuthurai,Taluk,Tahsildar,Taluk office: Sirkali,,9445000622,04364-270324,https://mayiladuthurai.nic.in/contact-directory/,2026-09-07,REAL_OFFICIAL_GOVERNMENT_PUBLISHED
Tamil Nadu,Mayiladuthurai,Taluk,Tahsildar,Taluk office: Kuthalam,,9486536709,04364-221150,https://mayiladuthurai.nic.in/contact-directory/,2026-09-07,REAL_OFFICIAL_GOVERNMENT_PUBLISHED
Tamil Nadu,Mayiladuthurai,Taluk,Tahsildar,Taluk office: Mayiladuthurai,,9445000620,,https://mayiladuthurai.nic.in/contact-directory/,2026-09-07,REAL_OFFICIAL_GOVERNMENT_PUBLISHED
Tamil Nadu,Mayiladuthurai,District,District Revenue Officer,,,,04364-290761,https://mayiladuthurai.nic.in/contact-directory/,2026-09-07,REAL_OFFICIAL_GOVERNMENT_PUBLISHED
Tamil Nadu,Mayiladuthurai,Revenue Division,RDO Sirkali,,,9994977712,,https://mayiladuthurai.nic.in/contact-directory/,2026-09-07,REAL_OFFICIAL_GOVERNMENT_PUBLISHED
Tamil Nadu,Mayiladuthurai,Revenue Division,RDO Mayiladuthurai,,,9445000462,,https://mayiladuthurai.nic.in/contact-directory/,2026-09-07,REAL_OFFICIAL_GOVERNMENT_PUBLISHED
Tamil Nadu,Nagapattinam,Taluk,Tahsildar,Taluk office: Vedaranyam,,9445000617,04369-250457,https://nagapattinam.nic.in/contact-directory/,2026-09-07,REAL_OFFICIAL_GOVERNMENT_PUBLISHED
Tamil Nadu,Nagapattinam,Taluk,Tahsildar,Taluk office: Kilvelur,,9445000618,04366-275493,https://nagapattinam.nic.in/contact-directory/,2026-09-07,REAL_OFFICIAL_GOVERNMENT_PUBLISHED
Tamil Nadu,Nagapattinam,Taluk,Tahsildar,Taluk office: Thirukuvalai,,9445000619,04365-245450,https://nagapattinam.nic.in/contact-directory/,2026-09-07,REAL_OFFICIAL_GOVERNMENT_PUBLISHED
Tamil Nadu,Nagapattinam,Taluk,Tahsildar,Taluk office: Nagapattinam,,9445000616,04365-242456,https://nagapattinam.nic.in/contact-directory/,2026-09-07,REAL_OFFICIAL_GOVERNMENT_PUBLISHED
Tamil Nadu,Nagapattinam,District,"Assistant Director, Survey and Land Records",,,,04365-252500,https://nagapattinam.nic.in/contact-directory/,2026-09-07,REAL_OFFICIAL_GOVERNMENT_PUBLISHED
Tamil Nadu,Namakkal,District,District Collector,,collrnmk@nic.in,9444163000,04286-281101,https://namakkal.nic.in/contact-directory/,2026-09-07,REAL_OFFICIAL_GOVERNMENT_PUBLISHED
Tamil Nadu,Namakkal,District,District Revenue Officer,,dro.tnnmk@nic.in,9445000910,04286-281103,https://namakkal.nic.in/contact-directory/,2026-09-07,REAL_OFFICIAL_GOVERNMENT_PUBLISHED
Tamil Nadu,Namakkal,Revenue Division,RDO Namakkal,,,9445000431,04286-232101,https://namakkal.nic.in/contact-directory/,2026-09-07,REAL_OFFICIAL_GOVERNMENT_PUBLISHED
Tamil Nadu,Namakkal,Revenue Division,RDO Tiruchengode,,rdotge.tnnmk@nic.in,9445000432,04288-256000,https://namakkal.nic.in/contact-directory/,2026-09-07,REAL_OFFICIAL_GOVERNMENT_PUBLISHED
Tamil Nadu,Namakkal,Taluk,Tahsildar,Taluk office: Mohanur,,938409773,04286-297768,https://namakkal.nic.in/contact-directory/,2026-09-07,REAL_OFFICIAL_GOVERNMENT_PUBLISHED
Tamil Nadu,Namakkal,Taluk,Tahsildar,Taluk office: Namakkal,,9445000543,04286-233701,https://namakkal.nic.in/contact-directory/,2026-09-07,REAL_OFFICIAL_GOVERNMENT_PUBLISHED
Tamil Nadu,Namakkal,Taluk,Tahsildar,Taluk office: Kolli Hills,,9865751605,04286-247555,https://namakkal.nic.in/contact-directory/,2026-09-07,REAL_OFFICIAL_GOVERNMENT_PUBLISHED
Tamil Nadu,Namakkal,Taluk,Tahsildar,Taluk office: Tiruchengode,,9445000545,04288-252260,https://namakkal.nic.in/contact-directory/,2026-09-07,REAL_OFFICIAL_GOVERNMENT_PUBLISHED
Tamil Nadu,Namakkal,Taluk,Tahsildar,Taluk office: Rasipuram,,9445000544,04287-222840,https://namakkal.nic.in/contact-directory/,2026-09-07,REAL_OFFICIAL_GOVERNMENT_PUBLISHED
Tamil Nadu,The Nilgiris,Taluk,Tahsildar,Taluk office: Udhagai,,,0423-2442433,https://nilgiris.nic.in/contact-directory/,2026-09-07,REAL_OFFICIAL_GOVERNMENT_PUBLISHED
Tamil Nadu,The Nilgiris,Taluk,Tahsildar,Taluk office: Coonoor,,,0423-2206102,https://nilgiris.nic.in/contact-directory/,2026-09-07,REAL_OFFICIAL_GOVERNMENT_PUBLISHED
Tamil Nadu,The Nilgiris,Taluk,Tahsildar,Taluk office: Kotagiri,,,04266-271718,https://nilgiris.nic.in/contact-directory/,2026-09-07,REAL_OFFICIAL_GOVERNMENT_PUBLISHED
Tamil Nadu,The Nilgiris,Taluk,Tahsildar,Taluk office: Kundha,,,0423-2508123,https://nilgiris.nic.in/contact-directory/,2026-09-07,REAL_OFFICIAL_GOVERNMENT_PUBLISHED
Tamil Nadu,The Nilgiris,Taluk,Tahsildar,Taluk office: Gudalur,tasgud.tnnlg@nic.in,,04262-261252,https://nilgiris.nic.in/contact-directory/,2026-09-07,REAL_OFFICIAL_GOVERNMENT_PUBLISHED
Tamil Nadu,The Nilgiris,Taluk,Tahsildar,Taluk office: Pandalur,,,04262-220734,https://nilgiris.nic.in/contact-directory/,2026-09-07,REAL_OFFICIAL_GOVERNMENT_PUBLISHED
Tamil Nadu,The Nilgiris,Revenue Division,RDO,RDO Udhagai,,,0423-2445577,https://nilgiris.nic.in/contact-directory/,2026-09-07,REAL_OFFICIAL_GOVERNMENT_PUBLISHED
Tamil Nadu,The Nilgiris,Revenue Division,RDO,RDO Coonoor,,,0423-2206002,https://nilgiris.nic.in/contact-directory/,2026-09-07,REAL_OFFICIAL_GOVERNMENT_PUBLISHED
Tamil Nadu,The Nilgiris,Revenue Division,RDO,RDO Gudalur,rdogud.tnnlg@nic.in,,04262-261295,https://nilgiris.nic.in/contact-directory/,2026-09-07,REAL_OFFICIAL_GOVERNMENT_PUBLISHED
Tamil Nadu,Perambalur,District,District Collector,,,9444175000,,https://perambalur.nic.in/contact-directory/,2026-09-07,REAL_OFFICIAL_GOVERNMENT_PUBLISHED
Tamil Nadu,Perambalur,District,District Revenue Officer,,,9445000920,,https://perambalur.nic.in/contact-directory/,2026-09-07,REAL_OFFICIAL_GOVERNMENT_PUBLISHED
Tamil Nadu,Perambalur,District,Sub-Collector,,,9445000458,,https://perambalur.nic.in/contact-directory/,2026-09-07,REAL_OFFICIAL_GOVERNMENT_PUBLISHED
Tamil Nadu,Perambalur,District,PA Land,,,9442122621,,https://perambalur.nic.in/contact-directory/,2026-09-07,REAL_OFFICIAL_GOVERNMENT_PUBLISHED
Tamil Nadu,Perambalur,Taluk,Tahsildar,Taluk office: Perambalur,,9445000610,,https://perambalur.nic.in/contact-directory/,2026-09-07,REAL_OFFICIAL_GOVERNMENT_PUBLISHED
Tamil Nadu,Perambalur,Taluk,Tahsildar,Taluk office: Veppanthattai,,9445000611,,https://perambalur.nic.in/contact-directory/,2026-09-07,REAL_OFFICIAL_GOVERNMENT_PUBLISHED
Tamil Nadu,Perambalur,Taluk,Tahsildar,Taluk office: Kunnam,,9445000612,,https://perambalur.nic.in/contact-directory/,2026-09-07,REAL_OFFICIAL_GOVERNMENT_PUBLISHED
Tamil Nadu,Perambalur,Taluk,Tahsildar,Taluk office: Alathur,,7825873404,,https://perambalur.nic.in/contact-directory/,2026-09-07,REAL_OFFICIAL_GOVERNMENT_PUBLISHED
Tamil Nadu,Pudukkottai,Revenue Division,Sub Collector Pudukkottai,,,9445000468,04322-222219,https://pudukkottai.nic.in/contact-directory/,2026-09-07,REAL_OFFICIAL_GOVERNMENT_PUBLISHED
Tamil Nadu,Pudukkottai,Revenue Division,RDO Aranthangi,,rdoarg.tnpdk@nic.in,9445000469,04371-220589,https://pudukkottai.nic.in/contact-directory/,2026-09-07,REAL_OFFICIAL_GOVERNMENT_PUBLISHED
Tamil Nadu,Pudukkottai,Revenue Division,RDO Illupur,,,9445461803,04322-272049,https://pudukkottai.nic.in/contact-directory/,2026-09-07,REAL_OFFICIAL_GOVERNMENT_PUBLISHED
Tamil Nadu,Pudukkottai,Taluk,Tahsildar,Taluk office: Pudukkottai,tahsilpdk.tnpdk@nic.in,,04322-221566,https://pudukkottai.nic.in/contact-directory/,2026-09-07,REAL_OFFICIAL_GOVERNMENT_PUBLISHED
Tamil Nadu,Pudukkottai,Taluk,Tahsildar,Taluk office: Viralimalai,,,04339-220777,https://pudukkottai.nic.in/contact-directory/,2026-09-07,REAL_OFFICIAL_GOVERNMENT_PUBLISHED
Tamil Nadu,Pudukkottai,Taluk,Tahsildar,Taluk office: Karambakkudi,tahsilkkd.tnpdk@nic.in,,04322-255199,https://pudukkottai.nic.in/contact-directory/,2026-09-07,REAL_OFFICIAL_GOVERNMENT_PUBLISHED
Tamil Nadu,Pudukkottai,Taluk,Tahsildar,Taluk office: Ponnamaravathi,tahpon.tnpdk@nic.in,,04333-260188,https://pudukkottai.nic.in/contact-directory/,2026-09-07,REAL_OFFICIAL_GOVERNMENT_PUBLISHED
Tamil Nadu,Pudukkottai,Taluk,Tahsildar,Taluk office: Thirumayam,tahsiltym.tnpdk@nic.in,9445000643,04322-274223,https://pudukkottai.nic.in/contact-directory/,2026-09-07,REAL_OFFICIAL_GOVERNMENT_PUBLISHED
Tamil Nadu,Pudukkottai,Taluk,Tahsildar,Taluk office: Manamelkudi,tahsilmnk.tnpdk@nic.in,9445000646,04371-250569,https://pudukkottai.nic.in/contact-directory/,2026-09-07,REAL_OFFICIAL_GOVERNMENT_PUBLISHED
Tamil Nadu,Pudukkottai,Taluk,Tahsildar,Taluk office: Avudaiyarkovil,tahsilavk.tnpdk@nic.in,9445000645,04371-233325,https://pudukkottai.nic.in/contact-directory/,2026-09-07,REAL_OFFICIAL_GOVERNMENT_PUBLISHED
Tamil Nadu,Ramanathapuram,District,District Collector,,collrrmd@nic.in,9444183000,04567-231220,https://ramanathapuram.nic.in/contact-directory/,2026-09-07,REAL_OFFICIAL_GOVERNMENT_PUBLISHED
Tamil Nadu,Ramanathapuram,District,District Revenue Officer,,dro.tnrmd@nic.in,9445000926,04567-230610,https://ramanathapuram.nic.in/contact-directory/,2026-09-07,REAL_OFFICIAL_GOVERNMENT_PUBLISHED
Tamil Nadu,Ramanathapuram,Revenue Division,RDO,RDO Paramakudi,,9445000473,04564-224151,https://ramanathapuram.nic.in/contact-directory/,2026-09-07,REAL_OFFICIAL_GOVERNMENT_PUBLISHED
Tamil Nadu,Ramanathapuram,Revenue Division,RDO,RDO Ramanathapuram,,9445000472,04567-220330,https://ramanathapuram.nic.in/contact-directory/,2026-09-07,REAL_OFFICIAL_GOVERNMENT_PUBLISHED
Tamil Nadu,Ramanathapuram,Taluk,Tahsildar,Taluk office: Kadaladi,,9445000659,04576-266558,https://ramanathapuram.nic.in/contact-directory/,2026-09-07,REAL_OFFICIAL_GOVERNMENT_PUBLISHED
Tamil Nadu,Ramanathapuram,Taluk,Tahsildar,Taluk office: Kamuthi,,9445000657,04576-223235,https://ramanathapuram.nic.in/contact-directory/,2026-09-07,REAL_OFFICIAL_GOVERNMENT_PUBLISHED
Tamil Nadu,Ramanathapuram,Taluk,Tahsildar,Taluk office: Mudukulathur,,9445000656,04576-222223,https://ramanathapuram.nic.in/contact-directory/,2026-09-07,REAL_OFFICIAL_GOVERNMENT_PUBLISHED
Tamil Nadu,Ramanathapuram,Taluk,Tahsildar,Taluk office: Paramakudi,,9445000658,04564-226223,https://ramanathapuram.nic.in/contact-directory/,2026-09-07,REAL_OFFICIAL_GOVERNMENT_PUBLISHED
Tamil Nadu,Ramanathapuram,Taluk,Tahsildar,Taluk office: Rajasingamangalam,,9384094095,04561-299699,https://ramanathapuram.nic.in/contact-directory/,2026-09-07,REAL_OFFICIAL_GOVERNMENT_PUBLISHED
Tamil Nadu,Ramanathapuram,Taluk,Tahsildar,Taluk office: Tiruvadanai,,9445000655,04561-254221,https://ramanathapuram.nic.in/contact-directory/,2026-09-07,REAL_OFFICIAL_GOVERNMENT_PUBLISHED
Tamil Nadu,Ramanathapuram,Taluk,Tahsildar,Taluk office: Kilakarai,,9384094094,04567-241255,https://ramanathapuram.nic.in/contact-directory/,2026-09-07,REAL_OFFICIAL_GOVERNMENT_PUBLISHED
Tamil Nadu,Ramanathapuram,Taluk,Tahsildar,Taluk office: Rameswaram,,9445000654,04573-221252,https://ramanathapuram.nic.in/contact-directory/,2026-09-07,REAL_OFFICIAL_GOVERNMENT_PUBLISHED
Tamil Nadu,Ramanathapuram,Taluk,Tahsildar,Taluk office: Ramanathapuram,,9445000653,04567-220352,https://ramanathapuram.nic.in/contact-directory/,2026-09-07,REAL_OFFICIAL_GOVERNMENT_PUBLISHED
Tamil Nadu,Salem,Taluk,Tahsildar,Taluk office: Salem,,9445000547,0427-2452121,https://salem.nic.in/contact-directory/,2026-09-07,REAL_OFFICIAL_GOVERNMENT_PUBLISHED
Tamil Nadu,Salem,Taluk,Tahsildar,Taluk office: Salem South,,6369559200,0427-2271600,https://salem.nic.in/contact-directory/,2026-09-07,REAL_OFFICIAL_GOVERNMENT_PUBLISHED
Tamil Nadu,Salem,Taluk,Tahsildar,Taluk office: Salem West,,9384094162,0427-2335611,https://salem.nic.in/contact-directory/,2026-09-07,REAL_OFFICIAL_GOVERNMENT_PUBLISHED
Tamil Nadu,Salem,Taluk,Tahsildar,Taluk office: Yercaud,,9445000548,04281-222267,https://salem.nic.in/contact-directory/,2026-09-07,REAL_OFFICIAL_GOVERNMENT_PUBLISHED
Tamil Nadu,Salem,Taluk,Tahsildar,Taluk office: Mettur,,9445000552,04298-244050,https://salem.nic.in/contact-directory/,2026-09-07,REAL_OFFICIAL_GOVERNMENT_PUBLISHED
Tamil Nadu,Salem,Taluk,Tahsildar,Taluk office: Omalur,,9445000553,04290-220224,https://salem.nic.in/contact-directory/,2026-09-07,REAL_OFFICIAL_GOVERNMENT_PUBLISHED
Tamil Nadu,Salem,Taluk,Tahsildar,Taluk office: Kadayampatti,,9384094203,04290-243569,https://salem.nic.in/contact-directory/,2026-09-07,REAL_OFFICIAL_GOVERNMENT_PUBLISHED
Tamil Nadu,Salem,Taluk,Tahsildar,Taluk office: Sankari,,9445000554,04283-240545,https://salem.nic.in/contact-directory/,2026-09-07,REAL_OFFICIAL_GOVERNMENT_PUBLISHED
Tamil Nadu,Salem,Taluk,Tahsildar,Taluk office: Edappadi,,9445000556,04283-222227,https://salem.nic.in/contact-directory/,2026-09-07,REAL_OFFICIAL_GOVERNMENT_PUBLISHED
Tamil Nadu,Salem,Taluk,Tahsildar,Taluk office: Attur,,9445000550,04282-240704,https://salem.nic.in/contact-directory/,2026-09-07,REAL_OFFICIAL_GOVERNMENT_PUBLISHED
Tamil Nadu,Salem,Taluk,Tahsildar,Taluk office: Pethanayakkanpalayam,,8667251530,04282-221704,https://salem.nic.in/contact-directory/,2026-09-07,REAL_OFFICIAL_GOVERNMENT_PUBLISHED
Tamil Nadu,Salem,Taluk,Tahsildar,Taluk office: Gangavalli,,9445000551,04282-232300,https://salem.nic.in/contact-directory/,2026-09-07,REAL_OFFICIAL_GOVERNMENT_PUBLISHED
Tamil Nadu,Salem,Taluk,Tahsildar,Taluk office: Valappadi,,9445000549,04292-223000,https://salem.nic.in/contact-directory/,2026-09-07,REAL_OFFICIAL_GOVERNMENT_PUBLISHED
Tamil Nadu,Salem,Taluk,Tahsildar,Taluk office: Thalaivasal,,9655539111,04282-290907,https://salem.nic.in/contact-directory/,2026-09-07,REAL_OFFICIAL_GOVERNMENT_PUBLISHED
Tamil Nadu,Sivaganga,Taluk,Tahsildar,Taluk office: Sivagangai,tahr.tnsvg@nic.in,9445000650,04575-240232,https://sivaganga.nic.in/directories/contact-directory/,2026-09-07,REAL_OFFICIAL_GOVERNMENT_PUBLISHED
Tamil Nadu,Sivaganga,Taluk,Tahsildar,Taluk office: Manamadurai,tahrmnm.tnsvg@nic.in,9445000651,04574-258017,https://sivaganga.nic.in/directories/contact-directory/,2026-09-07,REAL_OFFICIAL_GOVERNMENT_PUBLISHED
Tamil Nadu,Sivaganga,Taluk,Tahsildar,Taluk office: Ilayangudi,tahrily.tnsvg@nic.in,9445000652,04564-265232,https://sivaganga.nic.in/directories/contact-directory/,2026-09-07,REAL_OFFICIAL_GOVERNMENT_PUBLISHED
Tamil Nadu,Sivaganga,Taluk,Tahsildar,Taluk office: Thiruppuvanam,tahrtpm.tnsvg@nic.in,9787251048,04574-265094,https://sivaganga.nic.in/directories/contact-directory/,2026-09-07,REAL_OFFICIAL_GOVERNMENT_PUBLISHED
Tamil Nadu,Sivaganga,Taluk,Tahsildar,Taluk office: Kalaiyarkovil,tahrklk.tnsvg@nic.in,7094610400,04575-232129,https://sivaganga.nic.in/directories/contact-directory/,2026-09-07,REAL_OFFICIAL_GOVERNMENT_PUBLISHED
Tamil Nadu,Sivaganga,Taluk,Tahsildar,Taluk office: Devakottai,tahrdvk.tnsvg@nic.in,9445000649,04561-272254,https://sivaganga.nic.in/directories/contact-directory/,2026-09-07,REAL_OFFICIAL_GOVERNMENT_PUBLISHED
Tamil Nadu,Sivaganga,Taluk,Tahsildar,Taluk office: Karaikudi,tahrkkd.tnsvg@nic.in,9445000648,04565-238307,https://sivaganga.nic.in/directories/contact-directory/,2026-09-07,REAL_OFFICIAL_GOVERNMENT_PUBLISHED
Tamil Nadu,Sivaganga,Taluk,Tahsildar,Taluk office: Thiruppathur,tahrtpr.tnsvg@nic.in,9445000647,04577-266126,https://sivaganga.nic.in/directories/contact-directory/,2026-09-07,REAL_OFFICIAL_GOVERNMENT_PUBLISHED
Tamil Nadu,Sivaganga,Taluk,Tahsildar,Taluk office: Singampunari,tahrsng.tnsvg@gov.in,9486672009,04577-242155,https://sivaganga.nic.in/directories/contact-directory/,2026-09-07,REAL_OFFICIAL_GOVERNMENT_PUBLISHED
Tamil Nadu,Tenkasi,Taluk,Tahsildar,Taluk office: Thiruvengadam,,,04636-264400,https://tenkasi.nic.in/contact-directory/,2026-09-07,REAL_OFFICIAL_GOVERNMENT_PUBLISHED
Tamil Nadu,Tenkasi,Taluk,Tahsildar,Taluk office: Sankarankoil,,9445000670,04636-222270,https://tenkasi.nic.in/contact-directory/,2026-09-07,REAL_OFFICIAL_GOVERNMENT_PUBLISHED
Tamil Nadu,Tenkasi,Taluk,Tahsildar,Taluk office: Sivagiri,,9445000679,04636-250223,https://tenkasi.nic.in/contact-directory/,2026-09-07,REAL_OFFICIAL_GOVERNMENT_PUBLISHED
Tamil Nadu,Tenkasi,Taluk,Tahsildar,Taluk office: Alangulam,,9445000678,04633-270899,https://tenkasi.nic.in/contact-directory/,2026-09-07,REAL_OFFICIAL_GOVERNMENT_PUBLISHED
Tamil Nadu,Tenkasi,Taluk,Tahsildar,Taluk office: Veerakeralampudur,,9445000677,04633-277140,https://tenkasi.nic.in/contact-directory/,2026-09-07,REAL_OFFICIAL_GOVERNMENT_PUBLISHED
Tamil Nadu,Tenkasi,Taluk,Tahsildar,Taluk office: Kadayanallur,,,04633-245666,https://tenkasi.nic.in/contact-directory/,2026-09-07,REAL_OFFICIAL_GOVERNMENT_PUBLISHED
Tamil Nadu,Tenkasi,Taluk,Tahsildar,Taluk office: Shencottai,,9445000676,04633-233276,https://tenkasi.nic.in/contact-directory/,2026-09-07,REAL_OFFICIAL_GOVERNMENT_PUBLISHED
Tamil Nadu,Tenkasi,Taluk,Tahsildar,Taluk office: Tenkasi,,9445000675,04633-222262,https://tenkasi.nic.in/contact-directory/,2026-09-07,REAL_OFFICIAL_GOVERNMENT_PUBLISHED
Tamil Nadu,Thanjavur,Revenue Division,RDO,RDO Kumbakonam,rdokbk.tntnj@nic.in,9445000466,0435-2430101,https://thanjavur.nic.in/contact-directory/,2026-09-07,REAL_OFFICIAL_GOVERNMENT_PUBLISHED
Tamil Nadu,Thanjavur,Revenue Division,RDO,RDO Thanjavur,rdotnj.tntnj@nic.in,9445000465,04362-238033,https://thanjavur.nic.in/contact-directory/,2026-09-07,REAL_OFFICIAL_GOVERNMENT_PUBLISHED
Tamil Nadu,Thanjavur,Revenue Division,RDO,RDO Pattukottai,rdopkt.tntnj@nic.in,9445000467,04373-237247,https://thanjavur.nic.in/contact-directory/,2026-09-07,REAL_OFFICIAL_GOVERNMENT_PUBLISHED
Tamil Nadu,Thanjavur,Taluk,Tahsildar,Taluk office: Thanjavur,tahtnj.tntnj@nic.in,9445000630,04362-230456,https://thanjavur.nic.in/contact-directory/,2026-09-07,REAL_OFFICIAL_GOVERNMENT_PUBLISHED
Tamil Nadu,Thanjavur,Taluk,Tahsildar,Taluk office: Thiruvaiyaru,tahtvr.tntnj@nic.in,9445000631,04362-260248,https://thanjavur.nic.in/contact-directory/,2026-09-07,REAL_OFFICIAL_GOVERNMENT_PUBLISHED
Tamil Nadu,Thanjavur,Taluk,Tahsildar,Taluk office: Orathanadu,tahord.tntnj@nic.in,9445000632,04372-233225,https://thanjavur.nic.in/contact-directory/,2026-09-07,REAL_OFFICIAL_GOVERNMENT_PUBLISHED
Tamil Nadu,Thanjavur,Taluk,Tahsildar,Taluk office: Thiruvidaimarudur,tahtvmr.tntnj@nic.in,9445000634,0435-2460187,https://thanjavur.nic.in/contact-directory/,2026-09-07,REAL_OFFICIAL_GOVERNMENT_PUBLISHED
Tamil Nadu,Thanjavur,Taluk,Tahsildar,Taluk office: Kumbakonam,tahkbk.tntnj@nic.in,9445000633,0435-2430227,https://thanjavur.nic.in/contact-directory/,2026-09-07,REAL_OFFICIAL_GOVERNMENT_PUBLISHED
Tamil Nadu,Thanjavur,Taluk,Tahsildar,Taluk office: Papanasam,tahppn.tntnj@nic.in,9445000635,04374-222456,https://thanjavur.nic.in/contact-directory/,2026-09-07,REAL_OFFICIAL_GOVERNMENT_PUBLISHED
Tamil Nadu,Thanjavur,Taluk,Tahsildar,Taluk office: Pattukottai,tahpkt.tntnj@nic.in,9445000636,04373-235049,https://thanjavur.nic.in/contact-directory/,2026-09-07,REAL_OFFICIAL_GOVERNMENT_PUBLISHED
Tamil Nadu,Thanjavur,Taluk,Tahsildar,Taluk office: Peravurani,tahpvi.tntnj@nic.in,9445000637,04373-232456,https://thanjavur.nic.in/contact-directory/,2026-09-07,REAL_OFFICIAL_GOVERNMENT_PUBLISHED
Tamil Nadu,Thanjavur,Taluk,Tahsildar,Taluk office: Buthalur,tahtvr.tntnj@nic.in,9566281135,04362-260248,https://thanjavur.nic.in/contact-directory/,2026-09-07,REAL_OFFICIAL_GOVERNMENT_PUBLISHED
Tamil Nadu,Theni,Revenue Division,"RDO, Uthamapalayam",M.Syed Mohamed,rdoupm.tnthn@nic.in,9445000452,04554-265002,https://theni.nic.in/contact_directory/,2026-09-07,REAL_OFFICIAL_GOVERNMENT_PUBLISHED
Tamil Nadu,Theni,Revenue Division,"RDO, Periyakulam",J.Kavitha,,9445000451,,https://theni.nic.in/contact_directory/,2026-09-07,REAL_OFFICIAL_GOVERNMENT_PUBLISHED
Tamil Nadu,Theni,Taluk,"Tahsildar, Bodinayakanur",Suruli,,9445000597,04546-280124,https://theni.nic.in/contact_directory/,2026-09-07,REAL_OFFICIAL_GOVERNMENT_PUBLISHED
Tamil Nadu,Theni,Taluk,"Tahsildar, Uthamapalayam",Balashanmugam,,9445000596,04446-265226,https://theni.nic.in/contact_directory/,2026-09-07,REAL_OFFICIAL_GOVERNMENT_PUBLISHED
Tamil Nadu,Theni,Taluk,"Tahsildar, Theni",Rathinam,tahsilthn.tnthn@nic.in,9445000594,04546-255133,https://theni.nic.in/contact_directory/,2026-09-07,REAL_OFFICIAL_GOVERNMENT_PUBLISHED
Tamil Nadu,Theni,Taluk,"Tahsildar, Andipatti",Senthilkumar,,9445000595,04546-290561,https://theni.nic.in/contact_directory/,2026-09-07,REAL_OFFICIAL_GOVERNMENT_PUBLISHED
Tamil Nadu,Theni,Taluk,"Tahsildar, Periyakulam",Bhuvaneshwari,,9445000593,04546-23215,https://theni.nic.in/contact_directory/,2026-09-07,REAL_OFFICIAL_GOVERNMENT_PUBLISHED
Tamil Nadu,Thoothukudi,Revenue Division,RDO/Sub Collector,RDO/Sub Collector Thoothukudi,,9445000479,0461-2320400,https://thoothukudi.nic.in/contact-directory/,2026-09-07,REAL_OFFICIAL_GOVERNMENT_PUBLISHED
Tamil Nadu,Thoothukudi,Revenue Division,RDO/Sub Collector,RDO/Sub Collector Kovilpatti,,9445000481,04632-220258,https://thoothukudi.nic.in/contact-directory/,2026-09-07,REAL_OFFICIAL_GOVERNMENT_PUBLISHED
Tamil Nadu,Thoothukudi,Revenue Division,RDO/Sub Collector,RDO/Sub Collector Tiruchendur,,9445000480,04639-245165,https://thoothukudi.nic.in/contact-directory/,2026-09-07,REAL_OFFICIAL_GOVERNMENT_PUBLISHED
Tamil Nadu,Thoothukudi,Taluk,Tahsildar,Taluk office: Thoothukudi,,9445000680,0461-2321448,https://thoothukudi.nic.in/contact-directory/,2026-09-07,REAL_OFFICIAL_GOVERNMENT_PUBLISHED
Tamil Nadu,Thoothukudi,Taluk,Tahsildar,Taluk office: Srivaikuntam,,9043263789,04630-255229,https://thoothukudi.nic.in/contact-directory/,2026-09-07,REAL_OFFICIAL_GOVERNMENT_PUBLISHED
Tamil Nadu,Thoothukudi,Taluk,Tahsildar,Taluk office: Tiruchendur,,9445000682,04639-242229,https://thoothukudi.nic.in/contact-directory/,2026-09-07,REAL_OFFICIAL_GOVERNMENT_PUBLISHED
Tamil Nadu,Thoothukudi,Taluk,Tahsildar,Taluk office: Sattankulam,,9445000683,04639-266235,https://thoothukudi.nic.in/contact-directory/,2026-09-07,REAL_OFFICIAL_GOVERNMENT_PUBLISHED
Tamil Nadu,Thoothukudi,Taluk,Tahsildar,Taluk office: Kovilpatti,,9445000684,04632-220272,https://thoothukudi.nic.in/contact-directory/,2026-09-07,REAL_OFFICIAL_GOVERNMENT_PUBLISHED
Tamil Nadu,Thoothukudi,Taluk,Tahsildar,Taluk office: Ottapidaram,,9943179448,0461-2366233,https://thoothukudi.nic.in/contact-directory/,2026-09-07,REAL_OFFICIAL_GOVERNMENT_PUBLISHED
Tamil Nadu,Thoothukudi,Taluk,Tahsildar,Taluk office: Ettayapuram,,,04632-271300,https://thoothukudi.nic.in/contact-directory/,2026-09-07,REAL_OFFICIAL_GOVERNMENT_PUBLISHED
Tamil Nadu,Thoothukudi,Taluk,Tahsildar,Taluk office: Vilathikulam,,9445000686,04638-233126,https://thoothukudi.nic.in/contact-directory/,2026-09-07,REAL_OFFICIAL_GOVERNMENT_PUBLISHED
Tamil Nadu,Thoothukudi,Taluk,Tahsildar,Taluk office: Kayathar,,9384095009,,https://thoothukudi.nic.in/contact-directory/,2026-09-07,REAL_OFFICIAL_GOVERNMENT_PUBLISHED
Tamil Nadu,Thoothukudi,Taluk,Tahsildar,Taluk office: Eral,,9384095008,04630-270055,https://thoothukudi.nic.in/contact-directory/,2026-09-07,REAL_OFFICIAL_GOVERNMENT_PUBLISHED
Tamil Nadu,Tiruchirappalli,Revenue Division,RDO,RDO Tiruchirappalli,,9445000455,,https://tiruchirappalli.nic.in/contact-directory/,2026-09-07,REAL_OFFICIAL_GOVERNMENT_PUBLISHED
Tamil Nadu,Tiruchirappalli,Revenue Division,RDO,RDO Srirangam,,9677571134,,https://tiruchirappalli.nic.in/contact-directory/,2026-09-07,REAL_OFFICIAL_GOVERNMENT_PUBLISHED
Tamil Nadu,Tiruchirappalli,Revenue Division,RDO,RDO Lalgudi,,9445000456,,https://tiruchirappalli.nic.in/contact-directory/,2026-09-07,REAL_OFFICIAL_GOVERNMENT_PUBLISHED
Tamil Nadu,Tiruchirappalli,Revenue Division,RDO,RDO Musiri,,9445000457,,https://tiruchirappalli.nic.in/contact-directory/,2026-09-07,REAL_OFFICIAL_GOVERNMENT_PUBLISHED
Tamil Nadu,Tiruchirappalli,Taluk,Tahsildar,Taluk office: Trichy West,,9445000602,,https://tiruchirappalli.nic.in/contact-directory/,2026-09-07,REAL_OFFICIAL_GOVERNMENT_PUBLISHED
Tamil Nadu,Tiruchirappalli,Taluk,Tahsildar,Taluk office: Tiruchirappalli East,,9445461808,,https://tiruchirappalli.nic.in/contact-directory/,2026-09-07,REAL_OFFICIAL_GOVERNMENT_PUBLISHED
Tamil Nadu,Tiruchirappalli,Taluk,Tahsildar,Taluk office: Thiruverambur,,7825873784,,https://tiruchirappalli.nic.in/contact-directory/,2026-09-07,REAL_OFFICIAL_GOVERNMENT_PUBLISHED
Tamil Nadu,Tiruchirappalli,Taluk,Tahsildar,Taluk office: Lalgudi,,9445000605,,https://tiruchirappalli.nic.in/contact-directory/,2026-09-07,REAL_OFFICIAL_GOVERNMENT_PUBLISHED
Tamil Nadu,Tiruchirappalli,Taluk,Tahsildar,Taluk office: Mannachanallur,,9445000606,,https://tiruchirappalli.nic.in/contact-directory/,2026-09-07,REAL_OFFICIAL_GOVERNMENT_PUBLISHED
Tamil Nadu,Tiruchirappalli,Taluk,Tahsildar,Taluk office: Srirangam,,9445000603,,https://tiruchirappalli.nic.in/contact-directory/,2026-09-07,REAL_OFFICIAL_GOVERNMENT_PUBLISHED
Tamil Nadu,Tirunelveli,Taluk,Tahsildar,Taluk office: Thisayanvilai,,9384094224,04637-271001,https://tirunelveli.nic.in/contact-directory/,2026-09-07,REAL_OFFICIAL_GOVERNMENT_PUBLISHED
Tamil Nadu,Tirunelveli,Taluk,Tahsildar,Taluk office: Cheranmahadevi,,9384094223,04634-260007,https://tirunelveli.nic.in/contact-directory/,2026-09-07,REAL_OFFICIAL_GOVERNMENT_PUBLISHED
Tamil Nadu,Tirunelveli,Taluk,Tahsildar,Taluk office: Manur,,9384094222,0462-2485100,https://tirunelveli.nic.in/contact-directory/,2026-09-07,REAL_OFFICIAL_GOVERNMENT_PUBLISHED
Tamil Nadu,Tirunelveli,Taluk,Tahsildar,Taluk office: Radhapuram,,9445000674,04637-254122,https://tirunelveli.nic.in/contact-directory/,2026-09-07,REAL_OFFICIAL_GOVERNMENT_PUBLISHED
Tamil Nadu,Tirunelveli,Taluk,Tahsildar,Taluk office: Nanguneri,,9445000673,04635-250123,https://tirunelveli.nic.in/contact-directory/,2026-09-07,REAL_OFFICIAL_GOVERNMENT_PUBLISHED
Tamil Nadu,Tirunelveli,Taluk,Tahsildar,Taluk office: Ambasamudram,,9445000672,04634-250348,https://tirunelveli.nic.in/contact-directory/,2026-09-07,REAL_OFFICIAL_GOVERNMENT_PUBLISHED
Tamil Nadu,Tirunelveli,Taluk,Tahsildar,Taluk office: Palayamkottai,,9445000669,0462-2500086,https://tirunelveli.nic.in/contact-directory/,2026-09-07,REAL_OFFICIAL_GOVERNMENT_PUBLISHED
Tamil Nadu,Tirunelveli,Taluk,Tahsildar,Taluk office: Tirunelveli,,9445000671,0462-2333169,https://tirunelveli.nic.in/contact-directory/,2026-09-07,REAL_OFFICIAL_GOVERNMENT_PUBLISHED
Tamil Nadu,Tirunelveli,District,District Revenue Officer,,drotnv@nic.in,,0462-2500466,https://tirunelveli.nic.in/contact-directory/,2026-09-07,REAL_OFFICIAL_GOVERNMENT_PUBLISHED
Tamil Nadu,Tirunelveli,Revenue Division,RDO,RDO Tirunelveli,,,0462-2501333,https://tirunelveli.nic.in/contact-directory/,2026-09-07,REAL_OFFICIAL_GOVERNMENT_PUBLISHED
Tamil Nadu,Tirunelveli,Revenue Division,Sub Collector,Sub Collector Cheranmahadevi,,,04634-260124,https://tirunelveli.nic.in/contact-directory/,2026-09-07,REAL_OFFICIAL_GOVERNMENT_PUBLISHED
Tamil Nadu,Tirupathur,Taluk,"Tahsildar, Tirupathur",M.Navaneetham,tahtpt.radm@tn.gov.in,9445000511,,https://tirupathur.nic.in/contact-directory/,2026-09-07,REAL_OFFICIAL_GOVERNMENT_PUBLISHED
Tamil Nadu,Tirupathur,Taluk,"Tahsildar, Ambur",C.Revathi,tahambtpt.radm@tn.gov.in,9047228349,,https://tirupathur.nic.in/contact-directory/,2026-09-07,REAL_OFFICIAL_GOVERNMENT_PUBLISHED
Tamil Nadu,Tirupathur,Taluk,"Tahsildar, Vaniyambadi",Sudhakar,tahvnbtpt.radm@tn.gov.in,9944853282,,https://tirupathur.nic.in/contact-directory/,2026-09-07,REAL_OFFICIAL_GOVERNMENT_PUBLISHED
Tamil Nadu,Tirupathur,Taluk,"Tahsildar, Natrampalli",Gowrisankar K,tahntptpt.radm@tn.gov.in,6379375972,,https://tirupathur.nic.in/contact-directory/,2026-09-07,REAL_OFFICIAL_GOVERNMENT_PUBLISHED
Tamil Nadu,Tirupathur,Firka,"Revenue Inspector, Ambur",Perumal,,9047361001,,https://tirupathur.nic.in/contact-directory/,2026-09-07,REAL_OFFICIAL_GOVERNMENT_PUBLISHED
Tamil Nadu,Tirupathur,Firka,"Revenue Inspector, Alangayam",Surya,,6379831934,,https://tirupathur.nic.in/contact-directory/,2026-09-07,REAL_OFFICIAL_GOVERNMENT_PUBLISHED
Tamil Nadu,Tirupathur,Firka,"Revenue Inspector, Ambalur",Pushpalatha,,9500705596,,https://tirupathur.nic.in/contact-directory/,2026-09-07,REAL_OFFICIAL_GOVERNMENT_PUBLISHED
Tamil Nadu,Tirupathur,Firka,"Revenue Inspector, Vaniyambadi",Kavitha,,9791889394,,https://tirupathur.nic.in/contact-directory/,2026-09-07,REAL_OFFICIAL_GOVERNMENT_PUBLISHED
Tamil Nadu,Tirupathur,Firka,"Revenue Inspector, Pudurnadu",Meeradevi,,9487634849,,https://tirupathur.nic.in/contact-directory/,2026-09-07,REAL_OFFICIAL_GOVERNMENT_PUBLISHED
Tamil Nadu,Tirupathur,Firka,"Revenue Inspector, Jolarpet",Shan Basha,,9047498365,,https://tirupathur.nic.in/contact-directory/,2026-09-07,REAL_OFFICIAL_GOVERNMENT_PUBLISHED
Tamil Nadu,Tirupathur,District,"Assistant Director, Survey and Land Records",Nandhakumar A P,adtpt.doss@tn.gov.in,,,https://tirupathur.nic.in/contact-directory/,2026-09-07,REAL_OFFICIAL_GOVERNMENT_PUBLISHED
Tamil Nadu,Tiruppur,Taluk,Tahsildar,Taluk office: Tiruppur North,tahtpr.tntpr@nic.in,9445000574,0421-2200553,https://tiruppur.nic.in/contact-directory/,2026-09-07,REAL_OFFICIAL_GOVERNMENT_PUBLISHED
Tamil Nadu,Tiruppur,Taluk,Tahsildar,Taluk office: Avinashi,tahavn.tntpr@nic.in,9445000575,04296-273237,https://tiruppur.nic.in/contact-directory/,2026-09-07,REAL_OFFICIAL_GOVERNMENT_PUBLISHED
Tamil Nadu,Tiruppur,Taluk,Tahsildar,Taluk office: Palladam,tahpdm.tntpr@nic.in,9445000573,04255-253113,https://tiruppur.nic.in/contact-directory/,2026-09-07,REAL_OFFICIAL_GOVERNMENT_PUBLISHED
Tamil Nadu,Tiruppur,Taluk,Tahsildar,Taluk office: Dharapuram,tahdpm.tntpr@nic.in,9445000565,04258-220399,https://tiruppur.nic.in/contact-directory/,2026-09-07,REAL_OFFICIAL_GOVERNMENT_PUBLISHED
Tamil Nadu,Tiruppur,Taluk,Tahsildar,Taluk office: Kangayam,tahkgm.tntpr@nic.in,9445000566,04257-230689,https://tiruppur.nic.in/contact-directory/,2026-09-07,REAL_OFFICIAL_GOVERNMENT_PUBLISHED
Tamil Nadu,Tiruppur,Taluk,Tahsildar,Taluk office: Udumalpet,tahudm.tntpr@nic.in,9445000578,04252-223857,https://tiruppur.nic.in/contact-directory/,2026-09-07,REAL_OFFICIAL_GOVERNMENT_PUBLISHED
Tamil Nadu,Tiruppur,Taluk,Tahsildar,Taluk office: Madathukulam,tahmad.tntpr@nic.in,9384094963,04252-252588,https://tiruppur.nic.in/contact-directory/,2026-09-07,REAL_OFFICIAL_GOVERNMENT_PUBLISHED
Tamil Nadu,Tiruppur,Taluk,Tahsildar,Taluk office: Tiruppur South,,9384094956,0421-2250192,https://tiruppur.nic.in/contact-directory/,2026-09-07,REAL_OFFICIAL_GOVERNMENT_PUBLISHED
Tamil Nadu,Tiruppur,Taluk,Tahsildar,Taluk office: Uthukuli,,9384094957,04294-260360,https://tiruppur.nic.in/contact-directory/,2026-09-07,REAL_OFFICIAL_GOVERNMENT_PUBLISHED
Tamil Nadu,Virudhunagar,Taluk,Tahsildar,Taluk office: Watrap,,9384095239,04563-288529,https://virudhunagar.nic.in/contact-directory/,2026-09-07,REAL_OFFICIAL_GOVERNMENT_PUBLISHED
Tamil Nadu,Virudhunagar,Taluk,Tahsildar,Taluk office: Vembakottai,,9384095238,04562-284202,https://virudhunagar.nic.in/contact-directory/,2026-09-07,REAL_OFFICIAL_GOVERNMENT_PUBLISHED
Tamil Nadu,Virudhunagar,Taluk,Tahsildar,Taluk office: Rajapalayam,,9445000661,04563-220500,https://virudhunagar.nic.in/contact-directory/,2026-09-07,REAL_OFFICIAL_GOVERNMENT_PUBLISHED
Tamil Nadu,Virudhunagar,Taluk,Tahsildar,Taluk office: Srivilliputtur,,9445000660,04563-260209,https://virudhunagar.nic.in/contact-directory/,2026-09-07,REAL_OFFICIAL_GOVERNMENT_PUBLISHED
Tamil Nadu,Virudhunagar,Taluk,Tahsildar,Taluk office: Sattur,,9445000662,04563-260220,https://virudhunagar.nic.in/contact-directory/,2026-09-07,REAL_OFFICIAL_GOVERNMENT_PUBLISHED
Tamil Nadu,Virudhunagar,Taluk,Tahsildar,Taluk office: Sivakasi,,9445000663,04562-224260,https://virudhunagar.nic.in/contact-directory/,2026-09-07,REAL_OFFICIAL_GOVERNMENT_PUBLISHED
Tamil Nadu,Virudhunagar,Taluk,Tahsildar,Taluk office: Virudhunagar,,9445000667,04562-243493,https://virudhunagar.nic.in/contact-directory/,2026-09-07,REAL_OFFICIAL_GOVERNMENT_PUBLISHED
Tamil Nadu,Virudhunagar,Taluk,Tahsildar,Taluk office: Aruppukottai,,9445000664,04566-220219,https://virudhunagar.nic.in/contact-directory/,2026-09-07,REAL_OFFICIAL_GOVERNMENT_PUBLISHED
Tamil Nadu,Virudhunagar,Taluk,Tahsildar,Taluk office: Tiruchuli,,9445000668,04566-282222,https://virudhunagar.nic.in/contact-directory/,2026-09-07,REAL_OFFICIAL_GOVERNMENT_PUBLISHED
Tamil Nadu,Virudhunagar,Taluk,Tahsildar,Taluk office: Kariapatti,,9445000665,04566-255570,https://virudhunagar.nic.in/contact-directory/,2026-09-07,REAL_OFFICIAL_GOVERNMENT_PUBLISHED
Tamil Nadu,Virudhunagar,Revenue Division,RDO,RDO Sivakasi,ro.sivakasi@tn.gov.in,9445000474,04562-220052,https://virudhunagar.nic.in/contact-directory/,2026-09-07,REAL_OFFICIAL_GOVERNMENT_PUBLISHED
Tamil Nadu,Virudhunagar,Revenue Division,RDO,RDO Sattur,ro.sattur@tn.gov.in,6374559271,04562-290220,https://virudhunagar.nic.in/contact-directory/,2026-09-07,REAL_OFFICIAL_GOVERNMENT_PUBLISHED
Tamil Nadu,Virudhunagar,Revenue Division,RDO,RDO Aruppukottai,ro.aruppukottai@tn.gov.in,9445000475,04566-220570,https://virudhunagar.nic.in/contact-directory/,2026-09-07,REAL_OFFICIAL_GOVERNMENT_PUBLISHED
Tamil Nadu,Virudhunagar,District,District Revenue Officer,,dro.tnvnr@nic.in,9445000927,04562-252348,https://virudhunagar.nic.in/contact-directory/,2026-09-07,REAL_OFFICIAL_GOVERNMENT_PUBLISHED
Tamil Nadu,Viluppuram,Taluk,Tahsildar,Taluk office: Thiruvennainallur,,,04153-290893,https://viluppuram.nic.in/home1/directory/contact-directory/,2026-09-07,REAL_OFFICIAL_GOVERNMENT_PUBLISHED
Tamil Nadu,Viluppuram,Taluk,Tahsildar,Taluk office: Kandachipuram,,,04153-231666,https://viluppuram.nic.in/home1/directory/contact-directory/,2026-09-07,REAL_OFFICIAL_GOVERNMENT_PUBLISHED
Tamil Nadu,Viluppuram,Taluk,Tahsildar,Taluk office: Melmalayanur,,9942248808,04145-234209,https://viluppuram.nic.in/home1/directory/contact-directory/,2026-09-07,REAL_OFFICIAL_GOVERNMENT_PUBLISHED
Tamil Nadu,Viluppuram,Taluk,Tahsildar,Taluk office: Marakkanam,,9445461915,04147-239449,https://viluppuram.nic.in/home1/directory/contact-directory/,2026-09-07,REAL_OFFICIAL_GOVERNMENT_PUBLISHED
Tamil Nadu,Viluppuram,Taluk,Tahsildar,Taluk office: Vikkiravandi,,9445461837,04146-233132,https://viluppuram.nic.in/home1/directory/contact-directory/,2026-09-07,REAL_OFFICIAL_GOVERNMENT_PUBLISHED
Tamil Nadu,Viluppuram,Taluk,Tahsildar,Taluk office: Vanur,vantaluk.tnvpm@nic.in,9445000526,0413-2677391,https://viluppuram.nic.in/home1/directory/contact-directory/,2026-09-07,REAL_OFFICIAL_GOVERNMENT_PUBLISHED
Tamil Nadu,Viluppuram,Taluk,Tahsildar,Taluk office: Viluppuram,vpmtaluk.tnvpm@nic.in,9445000525,04146-222554,https://viluppuram.nic.in/home1/directory/contact-directory/,2026-09-07,REAL_OFFICIAL_GOVERNMENT_PUBLISHED
Tamil Nadu,Viluppuram,Taluk,Tahsildar,Taluk office: Gingee,gintaluk.tnvpm@nic.in,9445000524,04145-222007,https://viluppuram.nic.in/home1/directory/contact-directory/,2026-09-07,REAL_OFFICIAL_GOVERNMENT_PUBLISHED
Tamil Nadu,Viluppuram,Taluk,Tahsildar,Taluk office: Tindivanam,tintaluk.tnvpm@nic.in,9445000523,04147-222090,https://viluppuram.nic.in/home1/directory/contact-directory/,2026-09-07,REAL_OFFICIAL_GOVERNMENT_PUBLISHED
Tamil Nadu,Vellore,District,District Collector,,collrvel@nic.in,9444135000,0416-2252345,https://vellore.nic.in/contact-directory/,2026-09-07,REAL_OFFICIAL_GOVERNMENT_PUBLISHED
Tamil Nadu,Vellore,District,District Revenue Officer,,dro.tnvlr@nic.in,,0416-2253502,https://vellore.nic.in/contact-directory/,2026-09-07,REAL_OFFICIAL_GOVERNMENT_PUBLISHED
Tamil Nadu,Vellore,Revenue Division,RDO Vellore,,,9445000417,0416-2252395,https://vellore.nic.in/contact-directory/,2026-09-07,REAL_OFFICIAL_GOVERNMENT_PUBLISHED
Tamil Nadu,Vellore,Revenue Division,RDO Gudiyatham,,,9442999120,,https://vellore.nic.in/contact-directory/,2026-09-07,REAL_OFFICIAL_GOVERNMENT_PUBLISHED
